Workbook

Sheet HOWTO
A1: nastran_case_control.xlsx —— 参数填写与代码生成说明
A3: 这个工作簿怎么用
A4: 1. Global Parameter 的 B 列：全局变量取值（所有 Case 共用）。
A5: 2. Local Parameter 从第 2 行起：每个 Case 一行，下拉复制即可增加。
A6: 3. 改完参数后回到命令行执行：
A7: spreadsheet-codegen render -c <配置>.yaml -x nastran_case_control.xlsx --write-excel
A8: 只想导出代码文件就换成 --outdir <目录>；只预览不写回则什么参数都不加。
A9: ★ 懒得开终端就双击本文件旁边的 nastran_case_control_render.bat（Windows）或跑 nastran_case_control_render.sh（Linux / macOS）。
A10: 想确认表里的代码是不是已经过期：spreadsheet-codegen check -c <配置>.yaml
A12: ★ 部分输出表是公式（engine: excel）：改参数后 Excel 打开即重算，不用跑脚本
A13: 公式支持占位符替换与行内分支（{% if %}）；要生成代码文件（--outdir）或做 CI 检查（check）仍需命令行。
A14: 不带 --write-excel 的 render 只预览，不会改变本文件。
... A30: LC1, LC2, LC3, COMB4, LC5

Sheet Global Parameter
A1: Variable | B1: Value | C1: Description | D1: Prefix | E1: Suffix
A2: analysis | C2: ANALYSIS 语句的取值（整份模型共用）；留空则这条语句也不输出

Sheet Local Parameter
A1: Case | B1: seq | C1: kind | D1: subcase_id | E1: label | F1: subtitle | G1: method | H1: load | I1: spc | J1: subseq
A2: LC1 | B2: 01 | C2: SUBCASE | D2: 1 | F2: HEAD SEA | H2: 1001 | I2: 1
A3: LC2 | B3: 02 | C3: SUBCASE | D3: 2 | F3: BEAM SEA | H3: 1002 | I3: 1
A4: LC3 | B4: 03 | C4: SUBCASE | D4: 3 | E4: QTR | F4: QUARTERING SEA | G4: 1 | H4: 1003 | I4: 2
A5: COMB4 | B5: 04 | C5: SUBCOM | D5: 4 | F5: COMBINED 1.0 / 1.2 / 1.3 | J5: 1, 1.2, 1.3
A6: LC5 | B6: 05 | C6: SUBCASE | D6: 5

Sheet Case Control
B1: LC1 | C1: LC2 | D1: LC3 | E1: COMB4 | F1: LC5
B2: =""&IF(ISBLANK(INDEX('Local Parameter'!$A:$ZZ,2,MATCH("kind",'Local Parameter'!$1:$1,0))),"SUBCASE",IF(INDEX('Local Parameter'!$A:$ZZ,2,MATCH("kind",'Local Parameter'!$1:$1,0))="","SUBCASE",INDEX('Local Parameter'!$A:$ZZ,2,MATCH("kind",'Local Parameter'!$1:$1,0))))&""&" "&""&IF(ISBLANK(INDEX('Local Parameter'!$A:$ZZ,2,MATCH("subcase_id",'Local Parameter'!$1:$1,0))),1,IF(INDEX('Local Parameter'!$A:$ZZ,2,MATCH("subcase_id",'Local Parameter'!$1:$1,0))="",1,INDEX('Local Parameter'!$A:$ZZ,2,MATCH("subcase_id",'Local Parameter'!$1:$1,0))))&"" | C2: =""&IF(ISBLANK(INDEX('Local Parameter'!$A:$ZZ,3,MATCH("kind",'Local Parameter'!$1:$1,0))),"SUBCASE",IF(INDEX('Local Parameter'!$A:$ZZ,3,MATCH("kind",'Local Parameter'!$1:$1,0))="","SUBCASE",INDEX('Local Parameter'!$A:$ZZ,3,MATCH("kind",'Local Parameter'!$1:$1,0))))&""&" "&""&IF(ISBLANK(INDEX('Local Parameter'!$A:$ZZ,3,MATCH("subcase_id",'Local Parameter'!$1:$1,0))),1,IF(INDEX('Local Parameter'!$A:$ZZ,3,MATCH("subcase_id",'Local Parameter'!$1:$1,0))="",1,INDEX('Local Parameter'!$A:$ZZ,3,MATCH("subcase_id",'Local Parameter'!$1:$1,0))))&"" | D2: =""&IF(ISBLANK(INDEX('Local Parameter'!$A:$ZZ,4,MATCH("kind",'Local Parameter'!$1:$1,0))),"SUBCASE",IF(INDEX('Local Parameter'!$A:$ZZ,4,MATCH("kind",'Local Parameter'!$1:$1,0))="","SUBCASE",INDEX('Local Parameter'!$A:$ZZ,4,MATCH("kind",'Local Parameter'!$1:$1,0))))&""&" "&""&IF(ISBLANK(INDEX('Local Parameter'!$A:$ZZ,4,MATCH("subcase_id",'Local Parameter'!$1:$1,0))),1,IF(INDEX('Local Parameter'!$A:$ZZ,4,MATCH("subcase_id",'Local Parameter'!$1:$1,0))="",1,INDEX('Local Parameter'!$A:$ZZ,4,MATCH("subcase_id",'Local Parameter'!$1:$1,0))))&"" | E2: =""&IF(ISBLANK(INDEX('Local Parameter'!$A:$ZZ,5,MATCH("kind",'Local Parameter'!$1:$1,0))),"SUBCASE",IF(INDEX('Local Parameter'!$A:$ZZ,5,MATCH("kind",'Local Parameter'!$1:$1,0))="","SUBCASE",INDEX('Local Parameter'!$A:$ZZ,5,MATCH("kind",'Local Parameter'!$1:$1,0))))&""&" "&""&IF(ISBLANK(INDEX('Local Parameter'!$A:$ZZ,5,MATCH("subcase_id",'Local Parameter'!$1:$1,0))),1,IF(INDEX('Local Parameter'!$A:$ZZ,5,MATCH("subcase_id",'Local Parameter'!$1:$1,0))="",1,INDEX('Local Parameter'!$A:$ZZ,5,MATCH("subcase_id",'Local Parameter'!$1:$1,0))))&"" | F2: =""&IF(ISBLANK(INDEX('Local Parameter'!$A:$ZZ,6,MATCH("kind",'Local Parameter'!$1:$1,0))),"SUBCASE",IF(INDEX('Local Parameter'!$A:$ZZ,6,MATCH("kind",'Local Parameter'!$1:$1,0))="","SUBCASE",INDEX('Local Parameter'!$A:$ZZ,6,MATCH("kind",'Local Parameter'!$1:$1,0))))&""&" "&""&IF(ISBLANK(INDEX('Local Parameter'!$A:$ZZ,6,MATCH("subcase_id",'Local Parameter'!$1:$1,0))),1,IF(INDEX('Local Parameter'!$A:$ZZ,6,MATCH("subcase_id",'Local Parameter'!$1:$1,0))="",1,INDEX('Local Parameter'!$A:$ZZ,6,MATCH("subcase_id",'Local Parameter'!$1:$1,0))))&""
B3: =IF((IF(ISBLANK(INDEX('Local Parameter'!$A:$ZZ,2,MATCH("label",'Local Parameter'!$1:$1,0))),"",INDEX('Local Parameter'!$A:$ZZ,2,MATCH("label",'Local Parameter'!$1:$1,0)))<>""),"LABEL = "&""&IF(ISBLANK(INDEX('Local Parameter'!$A:$ZZ,2,MATCH("label",'Local Parameter'!$1:$1,0))),"",INDEX('Local Parameter'!$A:$ZZ,2,MATCH("label",'Local Parameter'!$1:$1,0)))&"","") | C3: =IF((IF(ISBLANK(INDEX('Local Parameter'!$A:$ZZ,3,MATCH("label",'Local Parameter'!$1:$1,0))),"",INDEX('Local Parameter'!$A:$ZZ,3,MATCH("label",'Local Parameter'!$1:$1,0)))<>""),"LABEL = "&""&IF(ISBLANK(INDEX('Local Parameter'!$A:$ZZ,3,MATCH("label",'Local Parameter'!$1:$1,0))),"",INDEX('Local Parameter'!$A:$ZZ,3,MATCH("label",'Local Parameter'!$1:$1,0)))&"","") | D3: =IF((IF(ISBLANK(INDEX('Local Parameter'!$A:$ZZ,4,MATCH("label",'Local Parameter'!$1:$1,0))),"",INDEX('Local Parameter'!$A:$ZZ,4,MATCH("label",'Local Parameter'!$1:$1,0)))<>""),"LABEL = "&""&IF(ISBLANK(INDEX('Local Parameter'!$A:$ZZ,4,MATCH("label",'Local Parameter'!$1:$1,0))),"",INDEX('Local Parameter'!$A:$ZZ,4,MATCH("label",'Local Parameter'!$1:$1,0)))&"","") | E3: =IF((IF(ISBLANK(INDEX('Local Parameter'!$A:$ZZ,5,MATCH("label",'Local Parameter'!$1:$1,0))),"",INDEX('Local Parameter'!$A:$ZZ,5,MATCH("label",'Local Parameter'!$1:$1,0)))<>""),"LABEL = "&""&IF(ISBLANK(INDEX('Local Parameter'!$A:$ZZ,5,MATCH("label",'Local Parameter'!$1:$1,0))),"",INDEX('Local Parameter'!$A:$ZZ,5,MATCH("label",'Local Parameter'!$1:$1,0)))&"","") | F3: =IF((IF(ISBLANK(INDEX('Local Parameter'!$A:$ZZ,6,MATCH("label",'Local Parameter'!$1:$1,0))),"",INDEX('Local Parameter'!$A:$ZZ,6,MATCH("label",'Local Parameter'!$1:$1,0)))<>""),"LABEL = "&""&IF(ISBLANK(INDEX('Local Parameter'!$A:$ZZ,6,MATCH("label",'Local Parameter'!$1:$1,0))),"",INDEX('Local Parameter'!$A:$ZZ,6,MATCH("label",'Local Parameter'!$1:$1,0)))&"","")
B4: =IF((IF(ISBLANK(INDEX('Local Parameter'!$A:$ZZ,2,MATCH("subtitle",'Local Parameter'!$1:$1,0))),"",INDEX('Local Parameter'!$A:$ZZ,2,MATCH("subtitle",'Local Parameter'!$1:$1,0)))<>""),"SUBTITLE = "&""&IF(ISBLANK(INDEX('Local Parameter'!$A:$ZZ,2,MATCH("subtitle",'Local Parameter'!$1:$1,0))),"",INDEX('Local Parameter'!$A:$ZZ,2,MATCH("subtitle",'Local Parameter'!$1:$1,0)))&"","") | C4: =IF((IF(ISBLANK(INDEX('Local Parameter'!$A:$ZZ,3,MATCH("subtitle",'Local Parameter'!$1:$1,0))),"",INDEX('Local Parameter'!$A:$ZZ,3,MATCH("subtitle",'Local Parameter'!$1:$1,0)))<>""),"SUBTITLE = "&""&IF(ISBLANK(INDEX('Local Parameter'!$A:$ZZ,3,MATCH("subtitle",'Local Parameter'!$1:$1,0))),"",INDEX('Local Parameter'!$A:$ZZ,3,MATCH("subtitle",'Local Parameter'!$1:$1,0)))&"","") | D4: =IF((IF(ISBLANK(INDEX('Local Parameter'!$A:$ZZ,4,MATCH("subtitle",'Local Parameter'!$1:$1,0))),"",INDEX('Local Parameter'!$A:$ZZ,4,MATCH("subtitle",'Local Parameter'!$1:$1,0)))<>""),"SUBTITLE = "&""&IF(ISBLANK(INDEX('Local Parameter'!$A:$ZZ,4,MATCH("subtitle",'Local Parameter'!$1:$1,0))),"",INDEX('Local Parameter'!$A:$ZZ,4,MATCH("subtitle",'Local Parameter'!$1:$1,0)))&"","") | E4: =IF((IF(ISBLANK(INDEX('Local Parameter'!$A:$ZZ,5,MATCH("subtitle",'Local Parameter'!$1:$1,0))),"",INDEX('Local Parameter'!$A:$ZZ,5,MATCH("subtitle",'Local Parameter'!$1:$1,0)))<>""),"SUBTITLE = "&""&IF(ISBLANK(INDEX('Local Parameter'!$A:$ZZ,5,MATCH("subtitle",'Local Parameter'!$1:$1,0))),"",INDEX('Local Parameter'!$A:$ZZ,5,MATCH("subtitle",'Local Parameter'!$1:$1,0)))&"","") | F4: =IF((IF(ISBLANK(INDEX('Local Parameter'!$A:$ZZ,6,MATCH("subtitle",'Local Parameter'!$1:$1,0))),"",INDEX('Local Parameter'!$A:$ZZ,6,MATCH("subtitle",'Local Parameter'!$1:$1,0)))<>""),"SUBTITLE = "&""&IF(ISBLANK(INDEX('Local Parameter'!$A:$ZZ,6,MATCH("subtitle",'Local Parameter'!$1:$1,0))),"",INDEX('Local Parameter'!$A:$ZZ,6,MATCH("subtitle",'Local Parameter'!$1:$1,0)))&"","")
B5: =IF((IF(ISBLANK(INDEX('Global Parameter'!$B:$B,MATCH("analysis",'Global Parameter'!$A:$A,0))),"",INDEX('Global Parameter'!$B:$B,MATCH("analysis",'Global Parameter'!$A:$A,0)))<>""),"ANALYSIS = "&IF(ISBLANK(INDEX('Global Parameter'!$D:$D,MATCH("analysis",'Global Parameter'!$A:$A,0))),"",INDEX('Global Parameter'!$D:$D,MATCH("analysis",'Global Parameter'!$A:$A,0)))&IF(ISBLANK(INDEX('Global Parameter'!$B:$B,MATCH("analysis",'Global Parameter'!$A:$A,0))),"",INDEX('Global Parameter'!$B:$B,MATCH("analysis",'Global Parameter'!$A:$A,0)))&IF(ISBLANK(INDEX('Global Parameter'!$E:$E,MATCH("analysis",'Global Parameter'!$A:$A,0))),"",INDEX('Global Parameter'!$E:$E,MATCH("analysis",'Global Parameter'!$A:$A,0))),"") | C5: =IF((IF(ISBLANK(INDEX('Global Parameter'!$B:$B,MATCH("analysis",'Global Parameter'!$A:$A,0))),"",INDEX('Global Parameter'!$B:$B,MATCH("analysis",'Global Parameter'!$A:$A,0)))<>""),"ANALYSIS = "&IF(ISBLANK(INDEX('Global Parameter'!$D:$D,MATCH("analysis",'Global Parameter'!$A:$A,0))),"",INDEX('Global Parameter'!$D:$D,MATCH("analysis",'Global Parameter'!$A:$A,0)))&IF(ISBLANK(INDEX('Global Parameter'!$B:$B,MATCH("analysis",'Global Parameter'!$A:$A,0))),"",INDEX('Global Parameter'!$B:$B,MATCH("analysis",'Global Parameter'!$A:$A,0)))&IF(ISBLANK(INDEX('Global Parameter'!$E:$E,MATCH("analysis",'Global Parameter'!$A:$A,0))),"",INDEX('Global Parameter'!$E:$E,MATCH("analysis",'Global Parameter'!$A:$A,0))),"") | D5: =IF((IF(ISBLANK(INDEX('Global Parameter'!$B:$B,MATCH("analysis",'Global Parameter'!$A:$A,0))),"",INDEX('Global Parameter'!$B:$B,MATCH("analysis",'Global Parameter'!$A:$A,0)))<>""),"ANALYSIS = "&IF(ISBLANK(INDEX('Global Parameter'!$D:$D,MATCH("analysis",'Global Parameter'!$A:$A,0))),"",INDEX('Global Parameter'!$D:$D,MATCH("analysis",'Global Parameter'!$A:$A,0)))&IF(ISBLANK(INDEX('Global Parameter'!$B:$B,MATCH("analysis",'Global Parameter'!$A:$A,0))),"",INDEX('Global Parameter'!$B:$B,MATCH("analysis",'Global Parameter'!$A:$A,0)))&IF(ISBLANK(INDEX('Global Parameter'!$E:$E,MATCH("analysis",'Global Parameter'!$A:$A,0))),"",INDEX('Global Parameter'!$E:$E,MATCH("analysis",'Global Parameter'!$A:$A,0))),"") | E5: =IF((IF(ISBLANK(INDEX('Global Parameter'!$B:$B,MATCH("analysis",'Global Parameter'!$A:$A,0))),"",INDEX('Global Parameter'!$B:$B,MATCH("analysis",'Global Parameter'!$A:$A,0)))<>""),"ANALYSIS = "&IF(ISBLANK(INDEX('Global Parameter'!$D:$D,MATCH("analysis",'Global Parameter'!$A:$A,0))),"",INDEX('Global Parameter'!$D:$D,MATCH("analysis",'Global Parameter'!$A:$A,0)))&IF(ISBLANK(INDEX('Global Parameter'!$B:$B,MATCH("analysis",'Global Parameter'!$A:$A,0))),"",INDEX('Global Parameter'!$B:$B,MATCH("analysis",'Global Parameter'!$A:$A,0)))&IF(ISBLANK(INDEX('Global Parameter'!$E:$E,MATCH("analysis",'Global Parameter'!$A:$A,0))),"",INDEX('Global Parameter'!$E:$E,MATCH("analysis",'Global Parameter'!$A:$A,0))),"") | F5: =IF((IF(ISBLANK(INDEX('Global Parameter'!$B:$B,MATCH("analysis",'Global Parameter'!$A:$A,0))),"",INDEX('Global Parameter'!$B:$B,MATCH("analysis",'Global Parameter'!$A:$A,0)))<>""),"ANALYSIS = "&IF(ISBLANK(INDEX('Global Parameter'!$D:$D,MATCH("analysis",'Global Parameter'!$A:$A,0))),"",INDEX('Global Parameter'!$D:$D,MATCH("analysis",'Global Parameter'!$A:$A,0)))&IF(ISBLANK(INDEX('Global Parameter'!$B:$B,MATCH("analysis",'Global Parameter'!$A:$A,0))),"",INDEX('Global Parameter'!$B:$B,MATCH("analysis",'Global Parameter'!$A:$A,0)))&IF(ISBLANK(INDEX('Global Parameter'!$E:$E,MATCH("analysis",'Global Parameter'!$A:$A,0))),"",INDEX('Global Parameter'!$E:$E,MATCH("analysis",'Global Parameter'!$A:$A,0))),"")
B6: =IF((IF(ISBLANK(INDEX('Local Parameter'!$A:$ZZ,2,MATCH("method",'Local Parameter'!$1:$1,0))),"",INDEX('Local Parameter'!$A:$ZZ,2,MATCH("method",'Local Parameter'!$1:$1,0)))<>""),"METHOD = "&""&IF(ISBLANK(INDEX('Local Parameter'!$A:$ZZ,2,MATCH("method",'Local Parameter'!$1:$1,0))),"",INDEX('Local Parameter'!$A:$ZZ,2,MATCH("method",'Local Parameter'!$1:$1,0)))&"","") | C6: =IF((IF(ISBLANK(INDEX('Local Parameter'!$A:$ZZ,3,MATCH("method",'Local Parameter'!$1:$1,0))),"",INDEX('Local Parameter'!$A:$ZZ,3,MATCH("method",'Local Parameter'!$1:$1,0)))<>""),"METHOD = "&""&IF(ISBLANK(INDEX('Local Parameter'!$A:$ZZ,3,MATCH("method",'Local Parameter'!$1:$1,0))),"",INDEX('Local Parameter'!$A:$ZZ,3,MATCH("method",'Local Parameter'!$1:$1,0)))&"","") | D6: =IF((IF(ISBLANK(INDEX('Local Parameter'!$A:$ZZ,4,MATCH("method",'Local Parameter'!$1:$1,0))),"",INDEX('Local Parameter'!$A:$ZZ,4,MATCH("method",'Local Parameter'!$1:$1,0)))<>""),"METHOD = "&""&IF(ISBLANK(INDEX('Local Parameter'!$A:$ZZ,4,MATCH("method",'Local Parameter'!$1:$1,0))),"",INDEX('Local Parameter'!$A:$ZZ,4,MATCH("method",'Local Parameter'!$1:$1,0)))&"","") | E6: =IF((IF(ISBLANK(INDEX('Local Parameter'!$A:$ZZ,5,MATCH("method",'Local Parameter'!$1:$1,0))),"",INDEX('Local Parameter'!$A:$ZZ,5,MATCH("method",'Local Parameter'!$1:$1,0)))<>""),"METHOD = "&""&IF(ISBLANK(INDEX('Local Parameter'!$A:$ZZ,5,MATCH("method",'Local Parameter'!$1:$1,0))),"",INDEX('Local Parameter'!$A:$ZZ,5,MATCH("method",'Local Parameter'!$1:$1,0)))&"","") | F6: =IF((IF(ISBLANK(INDEX('Local Parameter'!$A:$ZZ,6,MATCH("method",'Local Parameter'!$1:$1,0))),"",INDEX('Local Parameter'!$A:$ZZ,6,MATCH("method",'Local Parameter'!$1:$1,0)))<>""),"METHOD = "&""&IF(ISBLANK(INDEX('Local Parameter'!$A:$ZZ,6,MATCH("method",'Local Parameter'!$1:$1,0))),"",INDEX('Local Parameter'!$A:$ZZ,6,MATCH("method",'Local Parameter'!$1:$1,0)))&"","")
B7: =IF((IF(ISBLANK(INDEX('Local Parameter'!$A:$ZZ,2,MATCH("load",'Local Parameter'!$1:$1,0))),"",INDEX('Local Parameter'!$A:$ZZ,2,MATCH("load",'Local Parameter'!$1:$1,0)))<>""),"LOAD = "&""&IF(ISBLANK(INDEX('Local Parameter'!$A:$ZZ,2,MATCH("load",'Local Parameter'!$1:$1,0))),"",INDEX('Local Parameter'!$A:$ZZ,2,MATCH("load",'Local Parameter'!$1:$1,0)))&"","") | C7: =IF((IF(ISBLANK(INDEX('Local Parameter'!$A:$ZZ,3,MATCH("load",'Local Parameter'!$1:$1,0))),"",INDEX('Local Parameter'!$A:$ZZ,3,MATCH("load",'Local Parameter'!$1:$1,0)))<>""),"LOAD = "&""&IF(ISBLANK(INDEX('Local Parameter'!$A:$ZZ,3,MATCH("load",'Local Parameter'!$1:$1,0))),"",INDEX('Local Parameter'!$A:$ZZ,3,MATCH("load",'Local Parameter'!$1:$1,0)))&"","") | D7: =IF((IF(ISBLANK(INDEX('Local Parameter'!$A:$ZZ,4,MATCH("load",'Local Parameter'!$1:$1,0))),"",INDEX('Local Parameter'!$A:$ZZ,4,MATCH("load",'Local Parameter'!$1:$1,0)))<>""),"LOAD = "&""&IF(ISBLANK(INDEX('Local Parameter'!$A:$ZZ,4,MATCH("load",'Local Parameter'!$1:$1,0))),"",INDEX('Local Parameter'!$A:$ZZ,4,MATCH("load",'Local Parameter'!$1:$1,0)))&"","") | E7: =IF((IF(ISBLANK(INDEX('Local Parameter'!$A:$ZZ,5,MATCH("load",'Local Parameter'!$1:$1,0))),"",INDEX('Local Parameter'!$A:$ZZ,5,MATCH("load",'Local Parameter'!$1:$1,0)))<>""),"LOAD = "&""&IF(ISBLANK(INDEX('Local Parameter'!$A:$ZZ,5,MATCH("load",'Local Parameter'!$1:$1,0))),"",INDEX('Local Parameter'!$A:$ZZ,5,MATCH("load",'Local Parameter'!$1:$1,0)))&"","") | F7: =IF((IF(ISBLANK(INDEX('Local Parameter'!$A:$ZZ,6,MATCH("load",'Local Parameter'!$1:$1,0))),"",INDEX('Local Parameter'!$A:$ZZ,6,MATCH("load",'Local Parameter'!$1:$1,0)))<>""),"LOAD = "&""&IF(ISBLANK(INDEX('Local Parameter'!$A:$ZZ,6,MATCH("load",'Local Parameter'!$1:$1,0))),"",INDEX('Local Parameter'!$A:$ZZ,6,MATCH("load",'Local Parameter'!$1:$1,0)))&"","")
B8: =IF((IF(ISBLANK(INDEX('Local Parameter'!$A:$ZZ,2,MATCH("spc",'Local Parameter'!$1:$1,0))),"",INDEX('Local Parameter'!$A:$ZZ,2,MATCH("spc",'Local Parameter'!$1:$1,0)))<>""),"SPC = "&""&IF(ISBLANK(INDEX('Local Parameter'!$A:$ZZ,2,MATCH("spc",'Local Parameter'!$1:$1,0))),"",INDEX('Local Parameter'!$A:$ZZ,2,MATCH("spc",'Local Parameter'!$1:$1,0)))&"","") | C8: =IF((IF(ISBLANK(INDEX('Local Parameter'!$A:$ZZ,3,MATCH("spc",'Local Parameter'!$1:$1,0))),"",INDEX('Local Parameter'!$A:$ZZ,3,MATCH("spc",'Local Parameter'!$1:$1,0)))<>""),"SPC = "&""&IF(ISBLANK(INDEX('Local Parameter'!$A:$ZZ,3,MATCH("spc",'Local Parameter'!$1:$1,0))),"",INDEX('Local Parameter'!$A:$ZZ,3,MATCH("spc",'Local Parameter'!$1:$1,0)))&"","") | D8: =IF((IF(ISBLANK(INDEX('Local Parameter'!$A:$ZZ,4,MATCH("spc",'Local Parameter'!$1:$1,0))),"",INDEX('Local Parameter'!$A:$ZZ,4,MATCH("spc",'Local Parameter'!$1:$1,0)))<>""),"SPC = "&""&IF(ISBLANK(INDEX('Local Parameter'!$A:$ZZ,4,MATCH("spc",'Local Parameter'!$1:$1,0))),"",INDEX('Local Parameter'!$A:$ZZ,4,MATCH("spc",'Local Parameter'!$1:$1,0)))&"","") | E8: =IF((IF(ISBLANK(INDEX('Local Parameter'!$A:$ZZ,5,MATCH("spc",'Local Parameter'!$1:$1,0))),"",INDEX('Local Parameter'!$A:$ZZ,5,MATCH("spc",'Local Parameter'!$1:$1,0)))<>""),"SPC = "&""&IF(ISBLANK(INDEX('Local Parameter'!$A:$ZZ,5,MATCH("spc",'Local Parameter'!$1:$1,0))),"",INDEX('Local Parameter'!$A:$ZZ,5,MATCH("spc",'Local Parameter'!$1:$1,0)))&"","") | F8: =IF((IF(ISBLANK(INDEX('Local Parameter'!$A:$ZZ,6,MATCH("spc",'Local Parameter'!$1:$1,0))),"",INDEX('Local Parameter'!$A:$ZZ,6,MATCH("spc",'Local Parameter'!$1:$1,0)))<>""),"SPC = "&""&IF(ISBLANK(INDEX('Local Parameter'!$A:$ZZ,6,MATCH("spc",'Local Parameter'!$1:$1,0))),"",INDEX('Local Parameter'!$A:$ZZ,6,MATCH("spc",'Local Parameter'!$1:$1,0)))&"","")
B9: =IF((IF(ISBLANK(INDEX('Local Parameter'!$A:$ZZ,2,MATCH("subseq",'Local Parameter'!$1:$1,0))),"",INDEX('Local Parameter'!$A:$ZZ,2,MATCH("subseq",'Local Parameter'!$1:$1,0)))<>""),"SUBSEQ = "&""&IF(ISBLANK(INDEX('Local Parameter'!$A:$ZZ,2,MATCH("subseq",'Local Parameter'!$1:$1,0))),"",INDEX('Local Parameter'!$A:$ZZ,2,MATCH("subseq",'Local Parameter'!$1:$1,0)))&"","") | C9: =IF((IF(ISBLANK(INDEX('Local Parameter'!$A:$ZZ,3,MATCH("subseq",'Local Parameter'!$1:$1,0))),"",INDEX('Local Parameter'!$A:$ZZ,3,MATCH("subseq",'Local Parameter'!$1:$1,0)))<>""),"SUBSEQ = "&""&IF(ISBLANK(INDEX('Local Parameter'!$A:$ZZ,3,MATCH("subseq",'Local Parameter'!$1:$1,0))),"",INDEX('Local Parameter'!$A:$ZZ,3,MATCH("subseq",'Local Parameter'!$1:$1,0)))&"","") | D9: =IF((IF(ISBLANK(INDEX('Local Parameter'!$A:$ZZ,4,MATCH("subseq",'Local Parameter'!$1:$1,0))),"",INDEX('Local Parameter'!$A:$ZZ,4,MATCH("subseq",'Local Parameter'!$1:$1,0)))<>""),"SUBSEQ = "&""&IF(ISBLANK(INDEX('Local Parameter'!$A:$ZZ,4,MATCH("subseq",'Local Parameter'!$1:$1,0))),"",INDEX('Local Parameter'!$A:$ZZ,4,MATCH("subseq",'Local Parameter'!$1:$1,0)))&"","") | E9: =IF((IF(ISBLANK(INDEX('Local Parameter'!$A:$ZZ,5,MATCH("subseq",'Local Parameter'!$1:$1,0))),"",INDEX('Local Parameter'!$A:$ZZ,5,MATCH("subseq",'Local Parameter'!$1:$1,0)))<>""),"SUBSEQ = "&""&IF(ISBLANK(INDEX('Local Parameter'!$A:$ZZ,5,MATCH("subseq",'Local Parameter'!$1:$1,0))),"",INDEX('Local Parameter'!$A:$ZZ,5,MATCH("subseq",'Local Parameter'!$1:$1,0)))&"","") | F9: =IF((IF(ISBLANK(INDEX('Local Parameter'!$A:$ZZ,6,MATCH("subseq",'Local Parameter'!$1:$1,0))),"",INDEX('Local Parameter'!$A:$ZZ,6,MATCH("subseq",'Local Parameter'!$1:$1,0)))<>""),"SUBSEQ = "&""&IF(ISBLANK(INDEX('Local Parameter'!$A:$ZZ,6,MATCH("subseq",'Local Parameter'!$1:$1,0))),"",INDEX('Local Parameter'!$A:$ZZ,6,MATCH("subseq",'Local Parameter'!$1:$1,0)))&"","")

Sheet Summary
A2: LC1 | B2: =""&IF(ISBLANK(INDEX('Local Parameter'!$A:$ZZ,$2,MATCH("kind",'Local Parameter'!$1:$1,0))),"SUBCASE",IF(INDEX('Local Parameter'!$A:$ZZ,$2,MATCH("kind",'Local Parameter'!$1:$1,0))="","SUBCASE",INDEX('Local Parameter'!$A:$ZZ,$2,MATCH("kind",'Local Parameter'!$1:$1,0))))&""&" "&""&IF(ISBLANK(INDEX('Local Parameter'!$A:$ZZ,$2,MATCH("subcase_id",'Local Parameter'!$1:$1,0))),1,IF(INDEX('Local Parameter'!$A:$ZZ,$2,MATCH("subcase_id",'Local Parameter'!$1:$1,0))="",1,INDEX('Local Parameter'!$A:$ZZ,$2,MATCH("subcase_id",'Local Parameter'!$1:$1,0))))&""&" ｜ SUBTITLE="&""&IF(ISBLANK(INDEX('Local Parameter'!$A:$ZZ,$2,MATCH("subtitle",'Local Parameter'!$1:$1,0))),"",INDEX('Local Parameter'!$A:$ZZ,$2,MATCH("subtitle",'Local Parameter'!$1:$1,0)))&""&" ｜ METHOD="&""&IF(ISBLANK(INDEX('Local Parameter'!$A:$ZZ,$2,MATCH("method",'Local Parameter'!$1:$1,0))),"",INDEX('Local Parameter'!$A:$ZZ,$2,MATCH("method",'Local Parameter'!$1:$1,0)))&""&" ｜ LOAD="&""&IF(ISBLANK(INDEX('Local Parameter'!$A:$ZZ,$2,MATCH("load",'Local Parameter'!$1:$1,0))),"",INDEX('Local Parameter'!$A:$ZZ,$2,MATCH("load",'Local Parameter'!$1:$1,0)))&""&" ｜ SPC="&""&IF(ISBLANK(INDEX('Local Parameter'!$A:$ZZ,$2,MATCH("spc",'Local Parameter'!$1:$1,0))),"",INDEX('Local Parameter'!$A:$ZZ,$2,MATCH("spc",'Local Parameter'!$1:$1,0)))&""&" ｜ SUBSEQ="&""&IF(ISBLANK(INDEX('Local Parameter'!$A:$ZZ,$2,MATCH("subseq",'Local Parameter'!$1:$1,0))),"",INDEX('Local Parameter'!$A:$ZZ,$2,MATCH("subseq",'Local Parameter'!$1:$1,0)))&""
A3: LC2 | B3: =""&IF(ISBLANK(INDEX('Local Parameter'!$A:$ZZ,$3,MATCH("kind",'Local Parameter'!$1:$1,0))),"SUBCASE",IF(INDEX('Local Parameter'!$A:$ZZ,$3,MATCH("kind",'Local Parameter'!$1:$1,0))="","SUBCASE",INDEX('Local Parameter'!$A:$ZZ,$3,MATCH("kind",'Local Parameter'!$1:$1,0))))&""&" "&""&IF(ISBLANK(INDEX('Local Parameter'!$A:$ZZ,$3,MATCH("subcase_id",'Local Parameter'!$1:$1,0))),1,IF(INDEX('Local Parameter'!$A:$ZZ,$3,MATCH("subcase_id",'Local Parameter'!$1:$1,0))="",1,INDEX('Local Parameter'!$A:$ZZ,$3,MATCH("subcase_id",'Local Parameter'!$1:$1,0))))&""&" ｜ SUBTITLE="&""&IF(ISBLANK(INDEX('Local Parameter'!$A:$ZZ,$3,MATCH("subtitle",'Local Parameter'!$1:$1,0))),"",INDEX('Local Parameter'!$A:$ZZ,$3,MATCH("subtitle",'Local Parameter'!$1:$1,0)))&""&" ｜ METHOD="&""&IF(ISBLANK(INDEX('Local Parameter'!$A:$ZZ,$3,MATCH("method",'Local Parameter'!$1:$1,0))),"",INDEX('Local Parameter'!$A:$ZZ,$3,MATCH("method",'Local Parameter'!$1:$1,0)))&""&" ｜ LOAD="&""&IF(ISBLANK(INDEX('Local Parameter'!$A:$ZZ,$3,MATCH("load",'Local Parameter'!$1:$1,0))),"",INDEX('Local Parameter'!$A:$ZZ,$3,MATCH("load",'Local Parameter'!$1:$1,0)))&""&" ｜ SPC="&""&IF(ISBLANK(INDEX('Local Parameter'!$A:$ZZ,$3,MATCH("spc",'Local Parameter'!$1:$1,0))),"",INDEX('Local Parameter'!$A:$ZZ,$3,MATCH("spc",'Local Parameter'!$1:$1,0)))&""&" ｜ SUBSEQ="&""&IF(ISBLANK(INDEX('Local Parameter'!$A:$ZZ,$3,MATCH("subseq",'Local Parameter'!$1:$1,0))),"",INDEX('Local Parameter'!$A:$ZZ,$3,MATCH("subseq",'Local Parameter'!$1:$1,0)))&""
A4: LC3 | B4: =""&IF(ISBLANK(INDEX('Local Parameter'!$A:$ZZ,$4,MATCH("kind",'Local Parameter'!$1:$1,0))),"SUBCASE",IF(INDEX('Local Parameter'!$A:$ZZ,$4,MATCH("kind",'Local Parameter'!$1:$1,0))="","SUBCASE",INDEX('Local Parameter'!$A:$ZZ,$4,MATCH("kind",'Local Parameter'!$1:$1,0))))&""&" "&""&IF(ISBLANK(INDEX('Local Parameter'!$A:$ZZ,$4,MATCH("subcase_id",'Local Parameter'!$1:$1,0))),1,IF(INDEX('Local Parameter'!$A:$ZZ,$4,MATCH("subcase_id",'Local Parameter'!$1:$1,0))="",1,INDEX('Local Parameter'!$A:$ZZ,$4,MATCH("subcase_id",'Local Parameter'!$1:$1,0))))&""&" ｜ SUBTITLE="&""&IF(ISBLANK(INDEX('Local Parameter'!$A:$ZZ,$4,MATCH("subtitle",'Local Parameter'!$1:$1,0))),"",INDEX('Local Parameter'!$A:$ZZ,$4,MATCH("subtitle",'Local Parameter'!$1:$1,0)))&""&" ｜ METHOD="&""&IF(ISBLANK(INDEX('Local Parameter'!$A:$ZZ,$4,MATCH("method",'Local Parameter'!$1:$1,0))),"",INDEX('Local Parameter'!$A:$ZZ,$4,MATCH("method",'Local Parameter'!$1:$1,0)))&""&" ｜ LOAD="&""&IF(ISBLANK(INDEX('Local Parameter'!$A:$ZZ,$4,MATCH("load",'Local Parameter'!$1:$1,0))),"",INDEX('Local Parameter'!$A:$ZZ,$4,MATCH("load",'Local Parameter'!$1:$1,0)))&""&" ｜ SPC="&""&IF(ISBLANK(INDEX('Local Parameter'!$A:$ZZ,$4,MATCH("spc",'Local Parameter'!$1:$1,0))),"",INDEX('Local Parameter'!$A:$ZZ,$4,MATCH("spc",'Local Parameter'!$1:$1,0)))&""&" ｜ SUBSEQ="&""&IF(ISBLANK(INDEX('Local Parameter'!$A:$ZZ,$4,MATCH("subseq",'Local Parameter'!$1:$1,0))),"",INDEX('Local Parameter'!$A:$ZZ,$4,MATCH("subseq",'Local Parameter'!$1:$1,0)))&""
A5: COMB4 | B5: =""&IF(ISBLANK(INDEX('Local Parameter'!$A:$ZZ,$5,MATCH("kind",'Local Parameter'!$1:$1,0))),"SUBCASE",IF(INDEX('Local Parameter'!$A:$ZZ,$5,MATCH("kind",'Local Parameter'!$1:$1,0))="","SUBCASE",INDEX('Local Parameter'!$A:$ZZ,$5,MATCH("kind",'Local Parameter'!$1:$1,0))))&""&" "&""&IF(ISBLANK(INDEX('Local Parameter'!$A:$ZZ,$5,MATCH("subcase_id",'Local Parameter'!$1:$1,0))),1,IF(INDEX('Local Parameter'!$A:$ZZ,$5,MATCH("subcase_id",'Local Parameter'!$1:$1,0))="",1,INDEX('Local Parameter'!$A:$ZZ,$5,MATCH("subcase_id",'Local Parameter'!$1:$1,0))))&""&" ｜ SUBTITLE="&""&IF(ISBLANK(INDEX('Local Parameter'!$A:$ZZ,$5,MATCH("subtitle",'Local Parameter'!$1:$1,0))),"",INDEX('Local Parameter'!$A:$ZZ,$5,MATCH("subtitle",'Local Parameter'!$1:$1,0)))&""&" ｜ METHOD="&""&IF(ISBLANK(INDEX('Local Parameter'!$A:$ZZ,$5,MATCH("method",'Local Parameter'!$1:$1,0))),"",INDEX('Local Parameter'!$A:$ZZ,$5,MATCH("method",'Local Parameter'!$1:$1,0)))&""&" ｜ LOAD="&""&IF(ISBLANK(INDEX('Local Parameter'!$A:$ZZ,$5,MATCH("load",'Local Parameter'!$1:$1,0))),"",INDEX('Local Parameter'!$A:$ZZ,$5,MATCH("load",'Local Parameter'!$1:$1,0)))&""&" ｜ SPC="&""&IF(ISBLANK(INDEX('Local Parameter'!$A:$ZZ,$5,MATCH("spc",'Local Parameter'!$1:$1,0))),"",INDEX('Local Parameter'!$A:$ZZ,$5,MATCH("spc",'Local Parameter'!$1:$1,0)))&""&" ｜ SUBSEQ="&""&IF(ISBLANK(INDEX('Local Parameter'!$A:$ZZ,$5,MATCH("subseq",'Local Parameter'!$1:$1,0))),"",INDEX('Local Parameter'!$A:$ZZ,$5,MATCH("subseq",'Local Parameter'!$1:$1,0)))&""
A6: LC5 | B6: =""&IF(ISBLANK(INDEX('Local Parameter'!$A:$ZZ,$6,MATCH("kind",'Local Parameter'!$1:$1,0))),"SUBCASE",IF(INDEX('Local Parameter'!$A:$ZZ,$6,MATCH("kind",'Local Parameter'!$1:$1,0))="","SUBCASE",INDEX('Local Parameter'!$A:$ZZ,$6,MATCH("kind",'Local Parameter'!$1:$1,0))))&""&" "&""&IF(ISBLANK(INDEX('Local Parameter'!$A:$ZZ,$6,MATCH("subcase_id",'Local Parameter'!$1:$1,0))),1,IF(INDEX('Local Parameter'!$A:$ZZ,$6,MATCH("subcase_id",'Local Parameter'!$1:$1,0))="",1,INDEX('Local Parameter'!$A:$ZZ,$6,MATCH("subcase_id",'Local Parameter'!$1:$1,0))))&""&" ｜ SUBTITLE="&""&IF(ISBLANK(INDEX('Local Parameter'!$A:$ZZ,$6,MATCH("subtitle",'Local Parameter'!$1:$1,0))),"",INDEX('Local Parameter'!$A:$ZZ,$6,MATCH("subtitle",'Local Parameter'!$1:$1,0)))&""&" ｜ METHOD="&""&IF(ISBLANK(INDEX('Local Parameter'!$A:$ZZ,$6,MATCH("method",'Local Parameter'!$1:$1,0))),"",INDEX('Local Parameter'!$A:$ZZ,$6,MATCH("method",'Local Parameter'!$1:$1,0)))&""&" ｜ LOAD="&""&IF(ISBLANK(INDEX('Local Parameter'!$A:$ZZ,$6,MATCH("load",'Local Parameter'!$1:$1,0))),"",INDEX('Local Parameter'!$A:$ZZ,$6,MATCH("load",'Local Parameter'!$1:$1,0)))&""&" ｜ SPC="&""&IF(ISBLANK(INDEX('Local Parameter'!$A:$ZZ,$6,MATCH("spc",'Local Parameter'!$1:$1,0))),"",INDEX('Local Parameter'!$A:$ZZ,$6,MATCH("spc",'Local Parameter'!$1:$1,0)))&""&" ｜ SUBSEQ="&""&IF(ISBLANK(INDEX('Local Parameter'!$A:$ZZ,$6,MATCH("subseq",'Local Parameter'!$1:$1,0))),"",INDEX('Local Parameter'!$A:$ZZ,$6,MATCH("subseq",'Local Parameter'!$1:$1,0)))&""

Sheet Template
A1: !! 只读参考：模板真源是 YAML / template_file；在这里改模板不会影响渲染结果
A2: ### case_control
A3: output_sheet | B3: Case Control
A4: start_cell | B4: B2
A5: direction | B5: horizontal
A6: filename | B6: cc_{{ seq }}_{{ case_name }}.inc
A7: extension | B7: .txt
A8: description | B8: NASTRAN Case Control 子工况块（每个子工况一个 .inc 片段）
A9: code ↓
A10: 1 | B10: {{ kind }} {{ subcase_id }}{% if label %}
A11: 2 | B11: LABEL = {{ label }}{% endif %}{% if subtitle %}
A12: 3 | B12: SUBTITLE = {{ subtitle }}{% endif %}{% if analysis %}
A13: 4 | B13: ANALYSIS = {{ analysis }}{% endif %}{% if method %}
A14: 5 | B14: METHOD = {{ method }}{% endif %}{% if load %}
A15: 6 | B15: LOAD = {{ load }}{% endif %}{% if spc %}
A16: 7 | B16: SPC = {{ spc }}{% endif %}{% if subseq %}
A17: 8 | B17: SUBSEQ = {{ subseq }}{% endif %}
A19: ### cc_summary
A20: output_sheet | B20: Summary
A21: start_cell | B21: B2
A22: direction | B22: vertical
A23: filename | B23: cc_summary_{{ seq }}_{{ case_name }}.md
A24: extension | B24: .txt
A25: description | B25: 工况控制语句一览（一行一个子工况）
A26: code ↓
A27: 1 | B27: {{ kind }} {{ subcase_id }} ｜ SUBTITLE={{ subtitle }} ｜ METHOD={{ method }} ｜ LOAD={{ load }} ｜ SPC={{ spc }} ｜ SUBSEQ={{ subseq }}
A29: ## spreadsheet-codegen-meta
A30: 时间 | B30: 2026-09-27 17:00:43
A31: 输出指纹 | B31: 521a09ab1380
A32: 参数指纹 | B32: 893a98e720ab
A33: case 数 | B33: 5
A34: cases | B34: LC1, LC2, LC3, COMB4, LC5
