Workbook

Sheet HOWTO
A1: abs_fpi_external.xlsx —— 参数填写与代码生成说明
A3: 这个工作簿怎么用
A4: 1. Global Parameter 的 B 列：全局变量取值（所有 Case 共用）。
A5: 2. Local Parameter 从 E 列起：每个 Case 一列，右拉复制即可增加。
A6: 3. 改完参数后回到命令行执行：
A7: excel-codegen render -c <配置>.yaml -x abs_fpi_external.xlsx --write-excel
A8: 只想导出代码文件就换成 --outdir <目录>；只预览不写回则什么参数都不加。
A9: 想确认表里的代码是不是已经过期：excel-codegen check -c <配置>.yaml
A11: ★ 部分输出表是公式（engine: excel）：改参数后 Excel 打开即重算，不用跑脚本
A12: 公式支持占位符替换与行内分支（{% if %}）；要生成代码文件（--outdir）或做 CI 检查（check）仍需命令行。
A13: 不带 --write-excel 的 render 只预览，不会改变本文件。
A15: 输出位置
... A29: EXT-T20.559-mu90-kf+1, EXT-T15-mu0-kf-1, EXT-T15-mu90-kf+1

Sheet Global Parameter
A1: Variable | B1: Value | C1: Description | D1: Prefix | E1: Suffix
A2: L | B2: 340 | C2: 规范船长 [m]（3-1-1/3）；同时驱动 C_1 / k_lo / k_f | E2: m
A3: B | B3: 64 | C3: 规范型宽 [m]；B/2 决定舭部位置 | E3: m
A4: D | B4: 32 | C4: 规范型深 [m]（基线到甲板） | E4: m
A5: r_b | B5: 0.703 | C5: 舭圆半径 [m]：z_bilge = r_b，平底宽 = B/2 - r_b | E5: m
A6: freeboard | B6: 0.5 | C6: 甲板边线在载重线以上的余量 [m]；Fig. 10 的截断高度用它算 | E6: m
A7: rho_sea | B7: 1025 | C7: 海水密度 [kg/m^3]；规范下限 1.005 N/cm^2-m 即 1025 kg/m^3 | E7: kg/m^3
A8: g | B8: 9.81 | C8: 重力加速度 [m/s^2] | E8: m/s^2
A9: Cb | B9: 1 | C9: 方形系数 [-]（3-1-1/13.3）
A10: ax_x | B10: 1 | C10: 规范 x（自 AP）取自模型哪个轴：1=x, 2=y, 3=z
A11: ax_y | B11: 2 | C11: 规范 y（自中线，向右舷为正）取自模型哪个轴
A12: ax_z | B12: 3 | C12: 规范 z（基线以上，向上为正）取自模型哪个轴
A13: neg_x | C13: 规范 x 是否取反：填 - 表示取反，留空表示不取反
A14: neg_y | C14: 规范 y 是否取反：填 - 表示取反，留空表示不取反
A15: neg_z | C15: 规范 z 是否取反：填 - 表示取反，留空表示不取反

Sheet Local Parameter
A1: Variable | B1: Description | C1: Prefix | D1: Suffix | E1: EXT-T20.559-mu90-kf+1 | F1: EXT-T15-mu0-kf-1 | G1: EXT-T15-mu90-kf+1
A2: kind | B2: 这个 Case 属于哪一套规则：EXT / INT（多规则集合用时用 case_filter 分流） | E2: EXT | F2: EXT | G2: EXT
A3: draft | B3: 工况吃水 [m]；h_s = draft - z，负值截断为 0 | D3: m | E3: 20.559 | F3: 15 | G3: 15
A4: mu_deg | B4: 浪向角 [deg]，0 = 顶浪，90 = 右舷来浪（Table 1A D） | D4: deg | E4: 90 | F4: 0 | G4: 90
A5: k_c | B5: 组合工况相关系数 [-]，进 h_de = k_c h_di（Table 1A B） | E5: 1 | F5: 0.5 | G5: 1
A6: k_f0 | B6: 相位因子 +1 / -1 [-]，决定参考站落在哪一端（Table 1A B） | E6: 1 | F6: -1 | G6: 1
A7: k_u | B7: 载荷系数 [-]；规范默认 1.0，1.1 用于板与纵骨的工况 | E7: 1.1 | F7: 1.1 | G7: 1.1
A8: beta_EPS | B8: 外压 ESF，右舷 [-]（5A-3-A1/3） | E8: 0.733 | F8: 0.733 | G8: 0.733
A9: beta_EPP | B9: 外压 ESF，左舷 [-]（5A-3-A1/3） | E9: 0.733 | F9: 0.733 | G9: 0.733
A10: k_esf | B10: 项目对 ESF 的分项系数 [-] | E10: 1.1 | F10: 1.1 | G10: 1.1
A11: x_o | B11: 参考站 [m]，自 AP 量起（Fig. 9 脚注） | D11: m | E11: 51 | F11: 51 | G11: 51

Sheet Code
B1: EXT-T20.559-mu90-kf+1 | C1: EXT-T15-mu0-kf-1 | D1: EXT-T15-mu90-kf+1
B2: ="// "&'Local Parameter'!E$1 | C2: ="// "&'Local Parameter'!F$1 | D2: ="// "&'Local Parameter'!G$1
B3: ="// The rules live in the RULE frame: x from the A.P., y from the centre line" | C3: ="// The rules live in the RULE frame: x from the A.P., y from the centre line" | D3: ="// The rules live in the RULE frame: x from the A.P., y from the centre line"
B4: ="// positive starboard, z above the baseline. The model usually is not, so the" | C4: ="// positive starboard, z above the baseline. The model usually is not, so the" | D4: ="// positive starboard, z above the baseline. The model usually is not, so the"
B5: ="// three mapping cells (ax_* / neg_*) convert it. All three coordinates go" | C5: ="// three mapping cells (ax_* / neg_*) convert it. All three coordinates go" | D5: ="// three mapping cells (ax_* / neg_*) convert it. All three coordinates go"
B6: ="// through temporaries first: assigning them in place would read a coordinate" | C6: ="// through temporaries first: assigning them in place would read a coordinate" | D6: ="// through temporaries first: assigning them in place would read a coordinate"
B7: ="// that has already been overwritten." | C7: ="// that has already been overwritten." | D7: ="// that has already been overwritten."
B8: ="var t1 = x;" | C8: ="var t1 = x;" | D8: ="var t1 = x;"
B9: ="var t2 = y;" | C9: ="var t2 = y;" | D9: ="var t2 = y;"
B10: ="var t3 = z;" | C10: ="var t3 = z;" | D10: ="var t3 = z;"
B11: ="x = "&IF(ISBLANK(INDEX('Global Parameter'!$D:$D,MATCH("neg_x",'Global Parameter'!$A:$A,0))),"",INDEX('Global Parameter'!$D:$D,MATCH("neg_x",'Global Parameter'!$A:$A,0)))&IF(ISBLANK(INDEX('Global Parameter'!$B:$B,MATCH("neg_x",'Global Parameter'!$A:$A,0))),"",INDEX('Global Parameter'!$B:$B,MATCH("neg_x",'Global Parameter'!$A:$A,0)))&IF(ISBLANK(INDEX('Global Parameter'!$E:$E,MATCH("neg_x",'Global Parameter'!$A:$A,0))),"",INDEX('Global Parameter'!$E:$E,MATCH("neg_x",'Global Parameter'!$A:$A,0)))&"t"&IF(ISBLANK(INDEX('Global Parameter'!$D:$D,MATCH("ax_x",'Global Parameter'!$A:$A,0))),"",INDEX('Global Parameter'!$D:$D,MATCH("ax_x",'Global Parameter'!$A:$A,0)))&IF(ISBLANK(INDEX('Global Parameter'!$B:$B,MATCH("ax_x",'Global Parameter'!$A:$A,0))),"1",IF(INDEX('Global Parameter'!$B:$B,MATCH("ax_x",'Global Parameter'!$A:$A,0))="","1",INDEX('Global Parameter'!$B:$B,MATCH("ax_x",'Global Parameter'!$A:$A,0))))&IF(ISBLANK(INDEX('Global Parameter'!$E:$E,MATCH("ax_x",'Global Parameter'!$A:$A,0))),"",INDEX('Global Parameter'!$E:$E,MATCH("ax_x",'Global Parameter'!$A:$A,0)))&";" | C11: ="x = "&IF(ISBLANK(INDEX('Global Parameter'!$D:$D,MATCH("neg_x",'Global Parameter'!$A:$A,0))),"",INDEX('Global Parameter'!$D:$D,MATCH("neg_x",'Global Parameter'!$A:$A,0)))&IF(ISBLANK(INDEX('Global Parameter'!$B:$B,MATCH("neg_x",'Global Parameter'!$A:$A,0))),"",INDEX('Global Parameter'!$B:$B,MATCH("neg_x",'Global Parameter'!$A:$A,0)))&IF(ISBLANK(INDEX('Global Parameter'!$E:$E,MATCH("neg_x",'Global Parameter'!$A:$A,0))),"",INDEX('Global Parameter'!$E:$E,MATCH("neg_x",'Global Parameter'!$A:$A,0)))&"t"&IF(ISBLANK(INDEX('Global Parameter'!$D:$D,MATCH("ax_x",'Global Parameter'!$A:$A,0))),"",INDEX('Global Parameter'!$D:$D,MATCH("ax_x",'Global Parameter'!$A:$A,0)))&IF(ISBLANK(INDEX('Global Parameter'!$B:$B,MATCH("ax_x",'Global Parameter'!$A:$A,0))),"1",IF(INDEX('Global Parameter'!$B:$B,MATCH("ax_x",'Global Parameter'!$A:$A,0))="","1",INDEX('Global Parameter'!$B:$B,MATCH("ax_x",'Global Parameter'!$A:$A,0))))&IF(ISBLANK(INDEX('Global Parameter'!$E:$E,MATCH("ax_x",'Global Parameter'!$A:$A,0))),"",INDEX('Global Parameter'!$E:$E,MATCH("ax_x",'Global Parameter'!$A:$A,0)))&";" | D11: ="x = "&IF(ISBLANK(INDEX('Global Parameter'!$D:$D,MATCH("neg_x",'Global Parameter'!$A:$A,0))),"",INDEX('Global Parameter'!$D:$D,MATCH("neg_x",'Global Parameter'!$A:$A,0)))&IF(ISBLANK(INDEX('Global Parameter'!$B:$B,MATCH("neg_x",'Global Parameter'!$A:$A,0))),"",INDEX('Global Parameter'!$B:$B,MATCH("neg_x",'Global Parameter'!$A:$A,0)))&IF(ISBLANK(INDEX('Global Parameter'!$E:$E,MATCH("neg_x",'Global Parameter'!$A:$A,0))),"",INDEX('Global Parameter'!$E:$E,MATCH("neg_x",'Global Parameter'!$A:$A,0)))&"t"&IF(ISBLANK(INDEX('Global Parameter'!$D:$D,MATCH("ax_x",'Global Parameter'!$A:$A,0))),"",INDEX('Global Parameter'!$D:$D,MATCH("ax_x",'Global Parameter'!$A:$A,0)))&IF(ISBLANK(INDEX('Global Parameter'!$B:$B,MATCH("ax_x",'Global Parameter'!$A:$A,0))),"1",IF(INDEX('Global Parameter'!$B:$B,MATCH("ax_x",'Global Parameter'!$A:$A,0))="","1",INDEX('Global Parameter'!$B:$B,MATCH("ax_x",'Global Parameter'!$A:$A,0))))&IF(ISBLANK(INDEX('Global Parameter'!$E:$E,MATCH("ax_x",'Global Parameter'!$A:$A,0))),"",INDEX('Global Parameter'!$E:$E,MATCH("ax_x",'Global Parameter'!$A:$A,0)))&";"
B12: ="y = "&IF(ISBLANK(INDEX('Global Parameter'!$D:$D,MATCH("neg_y",'Global Parameter'!$A:$A,0))),"",INDEX('Global Parameter'!$D:$D,MATCH("neg_y",'Global Parameter'!$A:$A,0)))&IF(ISBLANK(INDEX('Global Parameter'!$B:$B,MATCH("neg_y",'Global Parameter'!$A:$A,0))),"",INDEX('Global Parameter'!$B:$B,MATCH("neg_y",'Global Parameter'!$A:$A,0)))&IF(ISBLANK(INDEX('Global Parameter'!$E:$E,MATCH("neg_y",'Global Parameter'!$A:$A,0))),"",INDEX('Global Parameter'!$E:$E,MATCH("neg_y",'Global Parameter'!$A:$A,0)))&"t"&IF(ISBLANK(INDEX('Global Parameter'!$D:$D,MATCH("ax_y",'Global Parameter'!$A:$A,0))),"",INDEX('Global Parameter'!$D:$D,MATCH("ax_y",'Global Parameter'!$A:$A,0)))&IF(ISBLANK(INDEX('Global Parameter'!$B:$B,MATCH("ax_y",'Global Parameter'!$A:$A,0))),"2",IF(INDEX('Global Parameter'!$B:$B,MATCH("ax_y",'Global Parameter'!$A:$A,0))="","2",INDEX('Global Parameter'!$B:$B,MATCH("ax_y",'Global Parameter'!$A:$A,0))))&IF(ISBLANK(INDEX('Global Parameter'!$E:$E,MATCH("ax_y",'Global Parameter'!$A:$A,0))),"",INDEX('Global Parameter'!$E:$E,MATCH("ax_y",'Global Parameter'!$A:$A,0)))&";" | C12: ="y = "&IF(ISBLANK(INDEX('Global Parameter'!$D:$D,MATCH("neg_y",'Global Parameter'!$A:$A,0))),"",INDEX('Global Parameter'!$D:$D,MATCH("neg_y",'Global Parameter'!$A:$A,0)))&IF(ISBLANK(INDEX('Global Parameter'!$B:$B,MATCH("neg_y",'Global Parameter'!$A:$A,0))),"",INDEX('Global Parameter'!$B:$B,MATCH("neg_y",'Global Parameter'!$A:$A,0)))&IF(ISBLANK(INDEX('Global Parameter'!$E:$E,MATCH("neg_y",'Global Parameter'!$A:$A,0))),"",INDEX('Global Parameter'!$E:$E,MATCH("neg_y",'Global Parameter'!$A:$A,0)))&"t"&IF(ISBLANK(INDEX('Global Parameter'!$D:$D,MATCH("ax_y",'Global Parameter'!$A:$A,0))),"",INDEX('Global Parameter'!$D:$D,MATCH("ax_y",'Global Parameter'!$A:$A,0)))&IF(ISBLANK(INDEX('Global Parameter'!$B:$B,MATCH("ax_y",'Global Parameter'!$A:$A,0))),"2",IF(INDEX('Global Parameter'!$B:$B,MATCH("ax_y",'Global Parameter'!$A:$A,0))="","2",INDEX('Global Parameter'!$B:$B,MATCH("ax_y",'Global Parameter'!$A:$A,0))))&IF(ISBLANK(INDEX('Global Parameter'!$E:$E,MATCH("ax_y",'Global Parameter'!$A:$A,0))),"",INDEX('Global Parameter'!$E:$E,MATCH("ax_y",'Global Parameter'!$A:$A,0)))&";" | D12: ="y = "&IF(ISBLANK(INDEX('Global Parameter'!$D:$D,MATCH("neg_y",'Global Parameter'!$A:$A,0))),"",INDEX('Global Parameter'!$D:$D,MATCH("neg_y",'Global Parameter'!$A:$A,0)))&IF(ISBLANK(INDEX('Global Parameter'!$B:$B,MATCH("neg_y",'Global Parameter'!$A:$A,0))),"",INDEX('Global Parameter'!$B:$B,MATCH("neg_y",'Global Parameter'!$A:$A,0)))&IF(ISBLANK(INDEX('Global Parameter'!$E:$E,MATCH("neg_y",'Global Parameter'!$A:$A,0))),"",INDEX('Global Parameter'!$E:$E,MATCH("neg_y",'Global Parameter'!$A:$A,0)))&"t"&IF(ISBLANK(INDEX('Global Parameter'!$D:$D,MATCH("ax_y",'Global Parameter'!$A:$A,0))),"",INDEX('Global Parameter'!$D:$D,MATCH("ax_y",'Global Parameter'!$A:$A,0)))&IF(ISBLANK(INDEX('Global Parameter'!$B:$B,MATCH("ax_y",'Global Parameter'!$A:$A,0))),"2",IF(INDEX('Global Parameter'!$B:$B,MATCH("ax_y",'Global Parameter'!$A:$A,0))="","2",INDEX('Global Parameter'!$B:$B,MATCH("ax_y",'Global Parameter'!$A:$A,0))))&IF(ISBLANK(INDEX('Global Parameter'!$E:$E,MATCH("ax_y",'Global Parameter'!$A:$A,0))),"",INDEX('Global Parameter'!$E:$E,MATCH("ax_y",'Global Parameter'!$A:$A,0)))&";"
B13: ="z = "&IF(ISBLANK(INDEX('Global Parameter'!$D:$D,MATCH("neg_z",'Global Parameter'!$A:$A,0))),"",INDEX('Global Parameter'!$D:$D,MATCH("neg_z",'Global Parameter'!$A:$A,0)))&IF(ISBLANK(INDEX('Global Parameter'!$B:$B,MATCH("neg_z",'Global Parameter'!$A:$A,0))),"",INDEX('Global Parameter'!$B:$B,MATCH("neg_z",'Global Parameter'!$A:$A,0)))&IF(ISBLANK(INDEX('Global Parameter'!$E:$E,MATCH("neg_z",'Global Parameter'!$A:$A,0))),"",INDEX('Global Parameter'!$E:$E,MATCH("neg_z",'Global Parameter'!$A:$A,0)))&"t"&IF(ISBLANK(INDEX('Global Parameter'!$D:$D,MATCH("ax_z",'Global Parameter'!$A:$A,0))),"",INDEX('Global Parameter'!$D:$D,MATCH("ax_z",'Global Parameter'!$A:$A,0)))&IF(ISBLANK(INDEX('Global Parameter'!$B:$B,MATCH("ax_z",'Global Parameter'!$A:$A,0))),"3",IF(INDEX('Global Parameter'!$B:$B,MATCH("ax_z",'Global Parameter'!$A:$A,0))="","3",INDEX('Global Parameter'!$B:$B,MATCH("ax_z",'Global Parameter'!$A:$A,0))))&IF(ISBLANK(INDEX('Global Parameter'!$E:$E,MATCH("ax_z",'Global Parameter'!$A:$A,0))),"",INDEX('Global Parameter'!$E:$E,MATCH("ax_z",'Global Parameter'!$A:$A,0)))&";" | C13: ="z = "&IF(ISBLANK(INDEX('Global Parameter'!$D:$D,MATCH("neg_z",'Global Parameter'!$A:$A,0))),"",INDEX('Global Parameter'!$D:$D,MATCH("neg_z",'Global Parameter'!$A:$A,0)))&IF(ISBLANK(INDEX('Global Parameter'!$B:$B,MATCH("neg_z",'Global Parameter'!$A:$A,0))),"",INDEX('Global Parameter'!$B:$B,MATCH("neg_z",'Global Parameter'!$A:$A,0)))&IF(ISBLANK(INDEX('Global Parameter'!$E:$E,MATCH("neg_z",'Global Parameter'!$A:$A,0))),"",INDEX('Global Parameter'!$E:$E,MATCH("neg_z",'Global Parameter'!$A:$A,0)))&"t"&IF(ISBLANK(INDEX('Global Parameter'!$D:$D,MATCH("ax_z",'Global Parameter'!$A:$A,0))),"",INDEX('Global Parameter'!$D:$D,MATCH("ax_z",'Global Parameter'!$A:$A,0)))&IF(ISBLANK(INDEX('Global Parameter'!$B:$B,MATCH("ax_z",'Global Parameter'!$A:$A,0))),"3",IF(INDEX('Global Parameter'!$B:$B,MATCH("ax_z",'Global Parameter'!$A:$A,0))="","3",INDEX('Global Parameter'!$B:$B,MATCH("ax_z",'Global Parameter'!$A:$A,0))))&IF(ISBLANK(INDEX('Global Parameter'!$E:$E,MATCH("ax_z",'Global Parameter'!$A:$A,0))),"",INDEX('Global Parameter'!$E:$E,MATCH("ax_z",'Global Parameter'!$A:$A,0)))&";" | D13: ="z = "&IF(ISBLANK(INDEX('Global Parameter'!$D:$D,MATCH("neg_z",'Global Parameter'!$A:$A,0))),"",INDEX('Global Parameter'!$D:$D,MATCH("neg_z",'Global Parameter'!$A:$A,0)))&IF(ISBLANK(INDEX('Global Parameter'!$B:$B,MATCH("neg_z",'Global Parameter'!$A:$A,0))),"",INDEX('Global Parameter'!$B:$B,MATCH("neg_z",'Global Parameter'!$A:$A,0)))&IF(ISBLANK(INDEX('Global Parameter'!$E:$E,MATCH("neg_z",'Global Parameter'!$A:$A,0))),"",INDEX('Global Parameter'!$E:$E,MATCH("neg_z",'Global Parameter'!$A:$A,0)))&"t"&IF(ISBLANK(INDEX('Global Parameter'!$D:$D,MATCH("ax_z",'Global Parameter'!$A:$A,0))),"",INDEX('Global Parameter'!$D:$D,MATCH("ax_z",'Global Parameter'!$A:$A,0)))&IF(ISBLANK(INDEX('Global Parameter'!$B:$B,MATCH("ax_z",'Global Parameter'!$A:$A,0))),"3",IF(INDEX('Global Parameter'!$B:$B,MATCH("ax_z",'Global Parameter'!$A:$A,0))="","3",INDEX('Global Parameter'!$B:$B,MATCH("ax_z",'Global Parameter'!$A:$A,0))))&IF(ISBLANK(INDEX('Global Parameter'!$E:$E,MATCH("ax_z",'Global Parameter'!$A:$A,0))),"",INDEX('Global Parameter'!$E:$E,MATCH("ax_z",'Global Parameter'!$A:$A,0)))&";"
B14: ="// --- global parameters (same for every case)" | C14: ="// --- global parameters (same for every case)" | D14: ="// --- global parameters (same for every case)"
B15: ="var L = "&IF(ISBLANK(INDEX('Global Parameter'!$D:$D,MATCH("L",'Global Parameter'!$A:$A,0))),"",INDEX('Global Parameter'!$D:$D,MATCH("L",'Global Parameter'!$A:$A,0)))&IF(ISBLANK(INDEX('Global Parameter'!$B:$B,MATCH("L",'Global Parameter'!$A:$A,0))),340,IF(INDEX('Global Parameter'!$B:$B,MATCH("L",'Global Parameter'!$A:$A,0))="",340,INDEX('Global Parameter'!$B:$B,MATCH("L",'Global Parameter'!$A:$A,0))))&IF(ISBLANK(INDEX('Global Parameter'!$E:$E,MATCH("L",'Global Parameter'!$A:$A,0)))," m",IF(INDEX('Global Parameter'!$E:$E,MATCH("L",'Global Parameter'!$A:$A,0))=""," m",INDEX('Global Parameter'!$E:$E,MATCH("L",'Global Parameter'!$A:$A,0))))&";" | C15: ="var L = "&IF(ISBLANK(INDEX('Global Parameter'!$D:$D,MATCH("L",'Global Parameter'!$A:$A,0))),"",INDEX('Global Parameter'!$D:$D,MATCH("L",'Global Parameter'!$A:$A,0)))&IF(ISBLANK(INDEX('Global Parameter'!$B:$B,MATCH("L",'Global Parameter'!$A:$A,0))),340,IF(INDEX('Global Parameter'!$B:$B,MATCH("L",'Global Parameter'!$A:$A,0))="",340,INDEX('Global Parameter'!$B:$B,MATCH("L",'Global Parameter'!$A:$A,0))))&IF(ISBLANK(INDEX('Global Parameter'!$E:$E,MATCH("L",'Global Parameter'!$A:$A,0)))," m",IF(INDEX('Global Parameter'!$E:$E,MATCH("L",'Global Parameter'!$A:$A,0))=""," m",INDEX('Global Parameter'!$E:$E,MATCH("L",'Global Parameter'!$A:$A,0))))&";" | D15: ="var L = "&IF(ISBLANK(INDEX('Global Parameter'!$D:$D,MATCH("L",'Global Parameter'!$A:$A,0))),"",INDEX('Global Parameter'!$D:$D,MATCH("L",'Global Parameter'!$A:$A,0)))&IF(ISBLANK(INDEX('Global Parameter'!$B:$B,MATCH("L",'Global Parameter'!$A:$A,0))),340,IF(INDEX('Global Parameter'!$B:$B,MATCH("L",'Global Parameter'!$A:$A,0))="",340,INDEX('Global Parameter'!$B:$B,MATCH("L",'Global Parameter'!$A:$A,0))))&IF(ISBLANK(INDEX('Global Parameter'!$E:$E,MATCH("L",'Global Parameter'!$A:$A,0)))," m",IF(INDEX('Global Parameter'!$E:$E,MATCH("L",'Global Parameter'!$A:$A,0))=""," m",INDEX('Global Parameter'!$E:$E,MATCH("L",'Global Parameter'!$A:$A,0))))&";"
B16: ="var B = "&IF(ISBLANK(INDEX('Global Parameter'!$D:$D,MATCH("B",'Global Parameter'!$A:$A,0))),"",INDEX('Global Parameter'!$D:$D,MATCH("B",'Global Parameter'!$A:$A,0)))&IF(ISBLANK(INDEX('Global Parameter'!$B:$B,MATCH("B",'Global Parameter'!$A:$A,0))),64,IF(INDEX('Global Parameter'!$B:$B,MATCH("B",'Global Parameter'!$A:$A,0))="",64,INDEX('Global Parameter'!$B:$B,MATCH("B",'Global Parameter'!$A:$A,0))))&IF(ISBLANK(INDEX('Global Parameter'!$E:$E,MATCH("B",'Global Parameter'!$A:$A,0)))," m",IF(INDEX('Global Parameter'!$E:$E,MATCH("B",'Global Parameter'!$A:$A,0))=""," m",INDEX('Global Parameter'!$E:$E,MATCH("B",'Global Parameter'!$A:$A,0))))&";" | C16: ="var B = "&IF(ISBLANK(INDEX('Global Parameter'!$D:$D,MATCH("B",'Global Parameter'!$A:$A,0))),"",INDEX('Global Parameter'!$D:$D,MATCH("B",'Global Parameter'!$A:$A,0)))&IF(ISBLANK(INDEX('Global Parameter'!$B:$B,MATCH("B",'Global Parameter'!$A:$A,0))),64,IF(INDEX('Global Parameter'!$B:$B,MATCH("B",'Global Parameter'!$A:$A,0))="",64,INDEX('Global Parameter'!$B:$B,MATCH("B",'Global Parameter'!$A:$A,0))))&IF(ISBLANK(INDEX('Global Parameter'!$E:$E,MATCH("B",'Global Parameter'!$A:$A,0)))," m",IF(INDEX('Global Parameter'!$E:$E,MATCH("B",'Global Parameter'!$A:$A,0))=""," m",INDEX('Global Parameter'!$E:$E,MATCH("B",'Global Parameter'!$A:$A,0))))&";" | D16: ="var B = "&IF(ISBLANK(INDEX('Global Parameter'!$D:$D,MATCH("B",'Global Parameter'!$A:$A,0))),"",INDEX('Global Parameter'!$D:$D,MATCH("B",'Global Parameter'!$A:$A,0)))&IF(ISBLANK(INDEX('Global Parameter'!$B:$B,MATCH("B",'Global Parameter'!$A:$A,0))),64,IF(INDEX('Global Parameter'!$B:$B,MATCH("B",'Global Parameter'!$A:$A,0))="",64,INDEX('Global Parameter'!$B:$B,MATCH("B",'Global Parameter'!$A:$A,0))))&IF(ISBLANK(INDEX('Global Parameter'!$E:$E,MATCH("B",'Global Parameter'!$A:$A,0)))," m",IF(INDEX('Global Parameter'!$E:$E,MATCH("B",'Global Parameter'!$A:$A,0))=""," m",INDEX('Global Parameter'!$E:$E,MATCH("B",'Global Parameter'!$A:$A,0))))&";"
B17: ="var D = "&IF(ISBLANK(INDEX('Global Parameter'!$D:$D,MATCH("D",'Global Parameter'!$A:$A,0))),"",INDEX('Global Parameter'!$D:$D,MATCH("D",'Global Parameter'!$A:$A,0)))&IF(ISBLANK(INDEX('Global Parameter'!$B:$B,MATCH("D",'Global Parameter'!$A:$A,0))),32,IF(INDEX('Global Parameter'!$B:$B,MATCH("D",'Global Parameter'!$A:$A,0))="",32,INDEX('Global Parameter'!$B:$B,MATCH("D",'Global Parameter'!$A:$A,0))))&IF(ISBLANK(INDEX('Global Parameter'!$E:$E,MATCH("D",'Global Parameter'!$A:$A,0)))," m",IF(INDEX('Global Parameter'!$E:$E,MATCH("D",'Global Parameter'!$A:$A,0))=""," m",INDEX('Global Parameter'!$E:$E,MATCH("D",'Global Parameter'!$A:$A,0))))&";" | C17: ="var D = "&IF(ISBLANK(INDEX('Global Parameter'!$D:$D,MATCH("D",'Global Parameter'!$A:$A,0))),"",INDEX('Global Parameter'!$D:$D,MATCH("D",'Global Parameter'!$A:$A,0)))&IF(ISBLANK(INDEX('Global Parameter'!$B:$B,MATCH("D",'Global Parameter'!$A:$A,0))),32,IF(INDEX('Global Parameter'!$B:$B,MATCH("D",'Global Parameter'!$A:$A,0))="",32,INDEX('Global Parameter'!$B:$B,MATCH("D",'Global Parameter'!$A:$A,0))))&IF(ISBLANK(INDEX('Global Parameter'!$E:$E,MATCH("D",'Global Parameter'!$A:$A,0)))," m",IF(INDEX('Global Parameter'!$E:$E,MATCH("D",'Global Parameter'!$A:$A,0))=""," m",INDEX('Global Parameter'!$E:$E,MATCH("D",'Global Parameter'!$A:$A,0))))&";" | D17: ="var D = "&IF(ISBLANK(INDEX('Global Parameter'!$D:$D,MATCH("D",'Global Parameter'!$A:$A,0))),"",INDEX('Global Parameter'!$D:$D,MATCH("D",'Global Parameter'!$A:$A,0)))&IF(ISBLANK(INDEX('Global Parameter'!$B:$B,MATCH("D",'Global Parameter'!$A:$A,0))),32,IF(INDEX('Global Parameter'!$B:$B,MATCH("D",'Global Parameter'!$A:$A,0))="",32,INDEX('Global Parameter'!$B:$B,MATCH("D",'Global Parameter'!$A:$A,0))))&IF(ISBLANK(INDEX('Global Parameter'!$E:$E,MATCH("D",'Global Parameter'!$A:$A,0)))," m",IF(INDEX('Global Parameter'!$E:$E,MATCH("D",'Global Parameter'!$A:$A,0))=""," m",INDEX('Global Parameter'!$E:$E,MATCH("D",'Global Parameter'!$A:$A,0))))&";"
B18: ="var r_b = "&IF(ISBLANK(INDEX('Global Parameter'!$D:$D,MATCH("r_b",'Global Parameter'!$A:$A,0))),"",INDEX('Global Parameter'!$D:$D,MATCH("r_b",'Global Parameter'!$A:$A,0)))&IF(ISBLANK(INDEX('Global Parameter'!$B:$B,MATCH("r_b",'Global Parameter'!$A:$A,0))),0.703,IF(INDEX('Global Parameter'!$B:$B,MATCH("r_b",'Global Parameter'!$A:$A,0))="",0.703,INDEX('Global Parameter'!$B:$B,MATCH("r_b",'Global Parameter'!$A:$A,0))))&IF(ISBLANK(INDEX('Global Parameter'!$E:$E,MATCH("r_b",'Global Parameter'!$A:$A,0)))," m",IF(INDEX('Global Parameter'!$E:$E,MATCH("r_b",'Global Parameter'!$A:$A,0))=""," m",INDEX('Global Parameter'!$E:$E,MATCH("r_b",'Global Parameter'!$A:$A,0))))&";" | C18: ="var r_b = "&IF(ISBLANK(INDEX('Global Parameter'!$D:$D,MATCH("r_b",'Global Parameter'!$A:$A,0))),"",INDEX('Global Parameter'!$D:$D,MATCH("r_b",'Global Parameter'!$A:$A,0)))&IF(ISBLANK(INDEX('Global Parameter'!$B:$B,MATCH("r_b",'Global Parameter'!$A:$A,0))),0.703,IF(INDEX('Global Parameter'!$B:$B,MATCH("r_b",'Global Parameter'!$A:$A,0))="",0.703,INDEX('Global Parameter'!$B:$B,MATCH("r_b",'Global Parameter'!$A:$A,0))))&IF(ISBLANK(INDEX('Global Parameter'!$E:$E,MATCH("r_b",'Global Parameter'!$A:$A,0)))," m",IF(INDEX('Global Parameter'!$E:$E,MATCH("r_b",'Global Parameter'!$A:$A,0))=""," m",INDEX('Global Parameter'!$E:$E,MATCH("r_b",'Global Parameter'!$A:$A,0))))&";" | D18: ="var r_b = "&IF(ISBLANK(INDEX('Global Parameter'!$D:$D,MATCH("r_b",'Global Parameter'!$A:$A,0))),"",INDEX('Global Parameter'!$D:$D,MATCH("r_b",'Global Parameter'!$A:$A,0)))&IF(ISBLANK(INDEX('Global Parameter'!$B:$B,MATCH("r_b",'Global Parameter'!$A:$A,0))),0.703,IF(INDEX('Global Parameter'!$B:$B,MATCH("r_b",'Global Parameter'!$A:$A,0))="",0.703,INDEX('Global Parameter'!$B:$B,MATCH("r_b",'Global Parameter'!$A:$A,0))))&IF(ISBLANK(INDEX('Global Parameter'!$E:$E,MATCH("r_b",'Global Parameter'!$A:$A,0)))," m",IF(INDEX('Global Parameter'!$E:$E,MATCH("r_b",'Global Parameter'!$A:$A,0))=""," m",INDEX('Global Parameter'!$E:$E,MATCH("r_b",'Global Parameter'!$A:$A,0))))&";"
B19: ="var freeboard = "&IF(ISBLANK(INDEX('Global Parameter'!$D:$D,MATCH("freeboard",'Global Parameter'!$A:$A,0))),"",INDEX('Global Parameter'!$D:$D,MATCH("freeboard",'Global Parameter'!$A:$A,0)))&IF(ISBLANK(INDEX('Global Parameter'!$B:$B,MATCH("freeboard",'Global Parameter'!$A:$A,0))),0.5,IF(INDEX('Global Parameter'!$B:$B,MATCH("freeboard",'Global Parameter'!$A:$A,0))="",0.5,INDEX('Global Parameter'!$B:$B,MATCH("freeboard",'Global Parameter'!$A:$A,0))))&IF(ISBLANK(INDEX('Global Parameter'!$E:$E,MATCH("freeboard",'Global Parameter'!$A:$A,0)))," m",IF(INDEX('Global Parameter'!$E:$E,MATCH("freeboard",'Global Parameter'!$A:$A,0))=""," m",INDEX('Global Parameter'!$E:$E,MATCH("freeboard",'Global Parameter'!$A:$A,0))))&";" | C19: ="var freeboard = "&IF(ISBLANK(INDEX('Global Parameter'!$D:$D,MATCH("freeboard",'Global Parameter'!$A:$A,0))),"",INDEX('Global Parameter'!$D:$D,MATCH("freeboard",'Global Parameter'!$A:$A,0)))&IF(ISBLANK(INDEX('Global Parameter'!$B:$B,MATCH("freeboard",'Global Parameter'!$A:$A,0))),0.5,IF(INDEX('Global Parameter'!$B:$B,MATCH("freeboard",'Global Parameter'!$A:$A,0))="",0.5,INDEX('Global Parameter'!$B:$B,MATCH("freeboard",'Global Parameter'!$A:$A,0))))&IF(ISBLANK(INDEX('Global Parameter'!$E:$E,MATCH("freeboard",'Global Parameter'!$A:$A,0)))," m",IF(INDEX('Global Parameter'!$E:$E,MATCH("freeboard",'Global Parameter'!$A:$A,0))=""," m",INDEX('Global Parameter'!$E:$E,MATCH("freeboard",'Global Parameter'!$A:$A,0))))&";" | D19: ="var freeboard = "&IF(ISBLANK(INDEX('Global Parameter'!$D:$D,MATCH("freeboard",'Global Parameter'!$A:$A,0))),"",INDEX('Global Parameter'!$D:$D,MATCH("freeboard",'Global Parameter'!$A:$A,0)))&IF(ISBLANK(INDEX('Global Parameter'!$B:$B,MATCH("freeboard",'Global Parameter'!$A:$A,0))),0.5,IF(INDEX('Global Parameter'!$B:$B,MATCH("freeboard",'Global Parameter'!$A:$A,0))="",0.5,INDEX('Global Parameter'!$B:$B,MATCH("freeboard",'Global Parameter'!$A:$A,0))))&IF(ISBLANK(INDEX('Global Parameter'!$E:$E,MATCH("freeboard",'Global Parameter'!$A:$A,0)))," m",IF(INDEX('Global Parameter'!$E:$E,MATCH("freeboard",'Global Parameter'!$A:$A,0))=""," m",INDEX('Global Parameter'!$E:$E,MATCH("freeboard",'Global Parameter'!$A:$A,0))))&";"
B20: ="var rho_sea = "&IF(ISBLANK(INDEX('Global Parameter'!$D:$D,MATCH("rho_sea",'Global Parameter'!$A:$A,0))),"",INDEX('Global Parameter'!$D:$D,MATCH("rho_sea",'Global Parameter'!$A:$A,0)))&IF(ISBLANK(INDEX('Global Parameter'!$B:$B,MATCH("rho_sea",'Global Parameter'!$A:$A,0))),1025,IF(INDEX('Global Parameter'!$B:$B,MATCH("rho_sea",'Global Parameter'!$A:$A,0))="",1025,INDEX('Global Parameter'!$B:$B,MATCH("rho_sea",'Global Parameter'!$A:$A,0))))&IF(ISBLANK(INDEX('Global Parameter'!$E:$E,MATCH("rho_sea",'Global Parameter'!$A:$A,0)))," kg/m^3",IF(INDEX('Global Parameter'!$E:$E,MATCH("rho_sea",'Global Parameter'!$A:$A,0))=""," kg/m^3",INDEX('Global Parameter'!$E:$E,MATCH("rho_sea",'Global Parameter'!$A:$A,0))))&";" | C20: ="var rho_sea = "&IF(ISBLANK(INDEX('Global Parameter'!$D:$D,MATCH("rho_sea",'Global Parameter'!$A:$A,0))),"",INDEX('Global Parameter'!$D:$D,MATCH("rho_sea",'Global Parameter'!$A:$A,0)))&IF(ISBLANK(INDEX('Global Parameter'!$B:$B,MATCH("rho_sea",'Global Parameter'!$A:$A,0))),1025,IF(INDEX('Global Parameter'!$B:$B,MATCH("rho_sea",'Global Parameter'!$A:$A,0))="",1025,INDEX('Global Parameter'!$B:$B,MATCH("rho_sea",'Global Parameter'!$A:$A,0))))&IF(ISBLANK(INDEX('Global Parameter'!$E:$E,MATCH("rho_sea",'Global Parameter'!$A:$A,0)))," kg/m^3",IF(INDEX('Global Parameter'!$E:$E,MATCH("rho_sea",'Global Parameter'!$A:$A,0))=""," kg/m^3",INDEX('Global Parameter'!$E:$E,MATCH("rho_sea",'Global Parameter'!$A:$A,0))))&";" | D20: ="var rho_sea = "&IF(ISBLANK(INDEX('Global Parameter'!$D:$D,MATCH("rho_sea",'Global Parameter'!$A:$A,0))),"",INDEX('Global Parameter'!$D:$D,MATCH("rho_sea",'Global Parameter'!$A:$A,0)))&IF(ISBLANK(INDEX('Global Parameter'!$B:$B,MATCH("rho_sea",'Global Parameter'!$A:$A,0))),1025,IF(INDEX('Global Parameter'!$B:$B,MATCH("rho_sea",'Global Parameter'!$A:$A,0))="",1025,INDEX('Global Parameter'!$B:$B,MATCH("rho_sea",'Global Parameter'!$A:$A,0))))&IF(ISBLANK(INDEX('Global Parameter'!$E:$E,MATCH("rho_sea",'Global Parameter'!$A:$A,0)))," kg/m^3",IF(INDEX('Global Parameter'!$E:$E,MATCH("rho_sea",'Global Parameter'!$A:$A,0))=""," kg/m^3",INDEX('Global Parameter'!$E:$E,MATCH("rho_sea",'Global Parameter'!$A:$A,0))))&";"
B21: ="var g = "&IF(ISBLANK(INDEX('Global Parameter'!$D:$D,MATCH("g",'Global Parameter'!$A:$A,0))),"",INDEX('Global Parameter'!$D:$D,MATCH("g",'Global Parameter'!$A:$A,0)))&IF(ISBLANK(INDEX('Global Parameter'!$B:$B,MATCH("g",'Global Parameter'!$A:$A,0))),9.81,IF(INDEX('Global Parameter'!$B:$B,MATCH("g",'Global Parameter'!$A:$A,0))="",9.81,INDEX('Global Parameter'!$B:$B,MATCH("g",'Global Parameter'!$A:$A,0))))&IF(ISBLANK(INDEX('Global Parameter'!$E:$E,MATCH("g",'Global Parameter'!$A:$A,0)))," m/s^2",IF(INDEX('Global Parameter'!$E:$E,MATCH("g",'Global Parameter'!$A:$A,0))=""," m/s^2",INDEX('Global Parameter'!$E:$E,MATCH("g",'Global Parameter'!$A:$A,0))))&";" | C21: ="var g = "&IF(ISBLANK(INDEX('Global Parameter'!$D:$D,MATCH("g",'Global Parameter'!$A:$A,0))),"",INDEX('Global Parameter'!$D:$D,MATCH("g",'Global Parameter'!$A:$A,0)))&IF(ISBLANK(INDEX('Global Parameter'!$B:$B,MATCH("g",'Global Parameter'!$A:$A,0))),9.81,IF(INDEX('Global Parameter'!$B:$B,MATCH("g",'Global Parameter'!$A:$A,0))="",9.81,INDEX('Global Parameter'!$B:$B,MATCH("g",'Global Parameter'!$A:$A,0))))&IF(ISBLANK(INDEX('Global Parameter'!$E:$E,MATCH("g",'Global Parameter'!$A:$A,0)))," m/s^2",IF(INDEX('Global Parameter'!$E:$E,MATCH("g",'Global Parameter'!$A:$A,0))=""," m/s^2",INDEX('Global Parameter'!$E:$E,MATCH("g",'Global Parameter'!$A:$A,0))))&";" | D21: ="var g = "&IF(ISBLANK(INDEX('Global Parameter'!$D:$D,MATCH("g",'Global Parameter'!$A:$A,0))),"",INDEX('Global Parameter'!$D:$D,MATCH("g",'Global Parameter'!$A:$A,0)))&IF(ISBLANK(INDEX('Global Parameter'!$B:$B,MATCH("g",'Global Parameter'!$A:$A,0))),9.81,IF(INDEX('Global Parameter'!$B:$B,MATCH("g",'Global Parameter'!$A:$A,0))="",9.81,INDEX('Global Parameter'!$B:$B,MATCH("g",'Global Parameter'!$A:$A,0))))&IF(ISBLANK(INDEX('Global Parameter'!$E:$E,MATCH("g",'Global Parameter'!$A:$A,0)))," m/s^2",IF(INDEX('Global Parameter'!$E:$E,MATCH("g",'Global Parameter'!$A:$A,0))=""," m/s^2",INDEX('Global Parameter'!$E:$E,MATCH("g",'Global Parameter'!$A:$A,0))))&";"
B22: ="var Cb = "&IF(ISBLANK(INDEX('Global Parameter'!$D:$D,MATCH("Cb",'Global Parameter'!$A:$A,0))),"",INDEX('Global Parameter'!$D:$D,MATCH("Cb",'Global Parameter'!$A:$A,0)))&IF(ISBLANK(INDEX('Global Parameter'!$B:$B,MATCH("Cb",'Global Parameter'!$A:$A,0))),1,IF(INDEX('Global Parameter'!$B:$B,MATCH("Cb",'Global Parameter'!$A:$A,0))="",1,INDEX('Global Parameter'!$B:$B,MATCH("Cb",'Global Parameter'!$A:$A,0))))&IF(ISBLANK(INDEX('Global Parameter'!$E:$E,MATCH("Cb",'Global Parameter'!$A:$A,0))),"",INDEX('Global Parameter'!$E:$E,MATCH("Cb",'Global Parameter'!$A:$A,0)))&";" | C22: ="var Cb = "&IF(ISBLANK(INDEX('Global Parameter'!$D:$D,MATCH("Cb",'Global Parameter'!$A:$A,0))),"",INDEX('Global Parameter'!$D:$D,MATCH("Cb",'Global Parameter'!$A:$A,0)))&IF(ISBLANK(INDEX('Global Parameter'!$B:$B,MATCH("Cb",'Global Parameter'!$A:$A,0))),1,IF(INDEX('Global Parameter'!$B:$B,MATCH("Cb",'Global Parameter'!$A:$A,0))="",1,INDEX('Global Parameter'!$B:$B,MATCH("Cb",'Global Parameter'!$A:$A,0))))&IF(ISBLANK(INDEX('Global Parameter'!$E:$E,MATCH("Cb",'Global Parameter'!$A:$A,0))),"",INDEX('Global Parameter'!$E:$E,MATCH("Cb",'Global Parameter'!$A:$A,0)))&";" | D22: ="var Cb = "&IF(ISBLANK(INDEX('Global Parameter'!$D:$D,MATCH("Cb",'Global Parameter'!$A:$A,0))),"",INDEX('Global Parameter'!$D:$D,MATCH("Cb",'Global Parameter'!$A:$A,0)))&IF(ISBLANK(INDEX('Global Parameter'!$B:$B,MATCH("Cb",'Global Parameter'!$A:$A,0))),1,IF(INDEX('Global Parameter'!$B:$B,MATCH("Cb",'Global Parameter'!$A:$A,0))="",1,INDEX('Global Parameter'!$B:$B,MATCH("Cb",'Global Parameter'!$A:$A,0))))&IF(ISBLANK(INDEX('Global Parameter'!$E:$E,MATCH("Cb",'Global Parameter'!$A:$A,0))),"",INDEX('Global Parameter'!$E:$E,MATCH("Cb",'Global Parameter'!$A:$A,0)))&";"
B23: ="// --- this case" | C23: ="// --- this case" | D23: ="// --- this case"
B24: ="var draft = "&IF(ISBLANK(INDEX('Local Parameter'!$C:$C,MATCH("draft",'Local Parameter'!$A:$A,0))),"",INDEX('Local Parameter'!$C:$C,MATCH("draft",'Local Parameter'!$A:$A,0)))&IF(ISBLANK(INDEX('Local Parameter'!E:E,MATCH("draft",'Local Parameter'!$A:$A,0))),20.559,IF(INDEX('Local Parameter'!E:E,MATCH("draft",'Local Parameter'!$A:$A,0))="",20.559,INDEX('Local Parameter'!E:E,MATCH("draft",'Local Parameter'!$A:$A,0))))&IF(ISBLANK(INDEX('Local Parameter'!$D:$D,MATCH("draft",'Local Parameter'!$A:$A,0)))," m",IF(INDEX('Local Parameter'!$D:$D,MATCH("draft",'Local Parameter'!$A:$A,0))=""," m",INDEX('Local Parameter'!$D:$D,MATCH("draft",'Local Parameter'!$A:$A,0))))&";" | C24: ="var draft = "&IF(ISBLANK(INDEX('Local Parameter'!$C:$C,MATCH("draft",'Local Parameter'!$A:$A,0))),"",INDEX('Local Parameter'!$C:$C,MATCH("draft",'Local Parameter'!$A:$A,0)))&IF(ISBLANK(INDEX('Local Parameter'!F:F,MATCH("draft",'Local Parameter'!$A:$A,0))),20.559,IF(INDEX('Local Parameter'!F:F,MATCH("draft",'Local Parameter'!$A:$A,0))="",20.559,INDEX('Local Parameter'!F:F,MATCH("draft",'Local Parameter'!$A:$A,0))))&IF(ISBLANK(INDEX('Local Parameter'!$D:$D,MATCH("draft",'Local Parameter'!$A:$A,0)))," m",IF(INDEX('Local Parameter'!$D:$D,MATCH("draft",'Local Parameter'!$A:$A,0))=""," m",INDEX('Local Parameter'!$D:$D,MATCH("draft",'Local Parameter'!$A:$A,0))))&";" | D24: ="var draft = "&IF(ISBLANK(INDEX('Local Parameter'!$C:$C,MATCH("draft",'Local Parameter'!$A:$A,0))),"",INDEX('Local Parameter'!$C:$C,MATCH("draft",'Local Parameter'!$A:$A,0)))&IF(ISBLANK(INDEX('Local Parameter'!G:G,MATCH("draft",'Local Parameter'!$A:$A,0))),20.559,IF(INDEX('Local Parameter'!G:G,MATCH("draft",'Local Parameter'!$A:$A,0))="",20.559,INDEX('Local Parameter'!G:G,MATCH("draft",'Local Parameter'!$A:$A,0))))&IF(ISBLANK(INDEX('Local Parameter'!$D:$D,MATCH("draft",'Local Parameter'!$A:$A,0)))," m",IF(INDEX('Local Parameter'!$D:$D,MATCH("draft",'Local Parameter'!$A:$A,0))=""," m",INDEX('Local Parameter'!$D:$D,MATCH("draft",'Local Parameter'!$A:$A,0))))&";"
B25: ="var mu_deg = "&IF(ISBLANK(INDEX('Local Parameter'!$C:$C,MATCH("mu_deg",'Local Parameter'!$A:$A,0))),"",INDEX('Local Parameter'!$C:$C,MATCH("mu_deg",'Local Parameter'!$A:$A,0)))&IF(ISBLANK(INDEX('Local Parameter'!E:E,MATCH("mu_deg",'Local Parameter'!$A:$A,0))),90,IF(INDEX('Local Parameter'!E:E,MATCH("mu_deg",'Local Parameter'!$A:$A,0))="",90,INDEX('Local Parameter'!E:E,MATCH("mu_deg",'Local Parameter'!$A:$A,0))))&IF(ISBLANK(INDEX('Local Parameter'!$D:$D,MATCH("mu_deg",'Local Parameter'!$A:$A,0)))," deg",IF(INDEX('Local Parameter'!$D:$D,MATCH("mu_deg",'Local Parameter'!$A:$A,0))=""," deg",INDEX('Local Parameter'!$D:$D,MATCH("mu_deg",'Local Parameter'!$A:$A,0))))&";" | C25: ="var mu_deg = "&IF(ISBLANK(INDEX('Local Parameter'!$C:$C,MATCH("mu_deg",'Local Parameter'!$A:$A,0))),"",INDEX('Local Parameter'!$C:$C,MATCH("mu_deg",'Local Parameter'!$A:$A,0)))&IF(ISBLANK(INDEX('Local Parameter'!F:F,MATCH("mu_deg",'Local Parameter'!$A:$A,0))),90,IF(INDEX('Local Parameter'!F:F,MATCH("mu_deg",'Local Parameter'!$A:$A,0))="",90,INDEX('Local Parameter'!F:F,MATCH("mu_deg",'Local Parameter'!$A:$A,0))))&IF(ISBLANK(INDEX('Local Parameter'!$D:$D,MATCH("mu_deg",'Local Parameter'!$A:$A,0)))," deg",IF(INDEX('Local Parameter'!$D:$D,MATCH("mu_deg",'Local Parameter'!$A:$A,0))=""," deg",INDEX('Local Parameter'!$D:$D,MATCH("mu_deg",'Local Parameter'!$A:$A,0))))&";" | D25: ="var mu_deg = "&IF(ISBLANK(INDEX('Local Parameter'!$C:$C,MATCH("mu_deg",'Local Parameter'!$A:$A,0))),"",INDEX('Local Parameter'!$C:$C,MATCH("mu_deg",'Local Parameter'!$A:$A,0)))&IF(ISBLANK(INDEX('Local Parameter'!G:G,MATCH("mu_deg",'Local Parameter'!$A:$A,0))),90,IF(INDEX('Local Parameter'!G:G,MATCH("mu_deg",'Local Parameter'!$A:$A,0))="",90,INDEX('Local Parameter'!G:G,MATCH("mu_deg",'Local Parameter'!$A:$A,0))))&IF(ISBLANK(INDEX('Local Parameter'!$D:$D,MATCH("mu_deg",'Local Parameter'!$A:$A,0)))," deg",IF(INDEX('Local Parameter'!$D:$D,MATCH("mu_deg",'Local Parameter'!$A:$A,0))=""," deg",INDEX('Local Parameter'!$D:$D,MATCH("mu_deg",'Local Parameter'!$A:$A,0))))&";"
B26: ="var k_c = "&IF(ISBLANK(INDEX('Local Parameter'!$C:$C,MATCH("k_c",'Local Parameter'!$A:$A,0))),"",INDEX('Local Parameter'!$C:$C,MATCH("k_c",'Local Parameter'!$A:$A,0)))&IF(ISBLANK(INDEX('Local Parameter'!E:E,MATCH("k_c",'Local Parameter'!$A:$A,0))),1,IF(INDEX('Local Parameter'!E:E,MATCH("k_c",'Local Parameter'!$A:$A,0))="",1,INDEX('Local Parameter'!E:E,MATCH("k_c",'Local Parameter'!$A:$A,0))))&IF(ISBLANK(INDEX('Local Parameter'!$D:$D,MATCH("k_c",'Local Parameter'!$A:$A,0))),"",INDEX('Local Parameter'!$D:$D,MATCH("k_c",'Local Parameter'!$A:$A,0)))&";" | C26: ="var k_c = "&IF(ISBLANK(INDEX('Local Parameter'!$C:$C,MATCH("k_c",'Local Parameter'!$A:$A,0))),"",INDEX('Local Parameter'!$C:$C,MATCH("k_c",'Local Parameter'!$A:$A,0)))&IF(ISBLANK(INDEX('Local Parameter'!F:F,MATCH("k_c",'Local Parameter'!$A:$A,0))),1,IF(INDEX('Local Parameter'!F:F,MATCH("k_c",'Local Parameter'!$A:$A,0))="",1,INDEX('Local Parameter'!F:F,MATCH("k_c",'Local Parameter'!$A:$A,0))))&IF(ISBLANK(INDEX('Local Parameter'!$D:$D,MATCH("k_c",'Local Parameter'!$A:$A,0))),"",INDEX('Local Parameter'!$D:$D,MATCH("k_c",'Local Parameter'!$A:$A,0)))&";" | D26: ="var k_c = "&IF(ISBLANK(INDEX('Local Parameter'!$C:$C,MATCH("k_c",'Local Parameter'!$A:$A,0))),"",INDEX('Local Parameter'!$C:$C,MATCH("k_c",'Local Parameter'!$A:$A,0)))&IF(ISBLANK(INDEX('Local Parameter'!G:G,MATCH("k_c",'Local Parameter'!$A:$A,0))),1,IF(INDEX('Local Parameter'!G:G,MATCH("k_c",'Local Parameter'!$A:$A,0))="",1,INDEX('Local Parameter'!G:G,MATCH("k_c",'Local Parameter'!$A:$A,0))))&IF(ISBLANK(INDEX('Local Parameter'!$D:$D,MATCH("k_c",'Local Parameter'!$A:$A,0))),"",INDEX('Local Parameter'!$D:$D,MATCH("k_c",'Local Parameter'!$A:$A,0)))&";"
B27: ="var k_f0 = "&IF(ISBLANK(INDEX('Local Parameter'!$C:$C,MATCH("k_f0",'Local Parameter'!$A:$A,0))),"",INDEX('Local Parameter'!$C:$C,MATCH("k_f0",'Local Parameter'!$A:$A,0)))&IF(ISBLANK(INDEX('Local Parameter'!E:E,MATCH("k_f0",'Local Parameter'!$A:$A,0))),1,IF(INDEX('Local Parameter'!E:E,MATCH("k_f0",'Local Parameter'!$A:$A,0))="",1,INDEX('Local Parameter'!E:E,MATCH("k_f0",'Local Parameter'!$A:$A,0))))&IF(ISBLANK(INDEX('Local Parameter'!$D:$D,MATCH("k_f0",'Local Parameter'!$A:$A,0))),"",INDEX('Local Parameter'!$D:$D,MATCH("k_f0",'Local Parameter'!$A:$A,0)))&";" | C27: ="var k_f0 = "&IF(ISBLANK(INDEX('Local Parameter'!$C:$C,MATCH("k_f0",'Local Parameter'!$A:$A,0))),"",INDEX('Local Parameter'!$C:$C,MATCH("k_f0",'Local Parameter'!$A:$A,0)))&IF(ISBLANK(INDEX('Local Parameter'!F:F,MATCH("k_f0",'Local Parameter'!$A:$A,0))),1,IF(INDEX('Local Parameter'!F:F,MATCH("k_f0",'Local Parameter'!$A:$A,0))="",1,INDEX('Local Parameter'!F:F,MATCH("k_f0",'Local Parameter'!$A:$A,0))))&IF(ISBLANK(INDEX('Local Parameter'!$D:$D,MATCH("k_f0",'Local Parameter'!$A:$A,0))),"",INDEX('Local Parameter'!$D:$D,MATCH("k_f0",'Local Parameter'!$A:$A,0)))&";" | D27: ="var k_f0 = "&IF(ISBLANK(INDEX('Local Parameter'!$C:$C,MATCH("k_f0",'Local Parameter'!$A:$A,0))),"",INDEX('Local Parameter'!$C:$C,MATCH("k_f0",'Local Parameter'!$A:$A,0)))&IF(ISBLANK(INDEX('Local Parameter'!G:G,MATCH("k_f0",'Local Parameter'!$A:$A,0))),1,IF(INDEX('Local Parameter'!G:G,MATCH("k_f0",'Local Parameter'!$A:$A,0))="",1,INDEX('Local Parameter'!G:G,MATCH("k_f0",'Local Parameter'!$A:$A,0))))&IF(ISBLANK(INDEX('Local Parameter'!$D:$D,MATCH("k_f0",'Local Parameter'!$A:$A,0))),"",INDEX('Local Parameter'!$D:$D,MATCH("k_f0",'Local Parameter'!$A:$A,0)))&";"
B28: ="var k_u = "&IF(ISBLANK(INDEX('Local Parameter'!$C:$C,MATCH("k_u",'Local Parameter'!$A:$A,0))),"",INDEX('Local Parameter'!$C:$C,MATCH("k_u",'Local Parameter'!$A:$A,0)))&IF(ISBLANK(INDEX('Local Parameter'!E:E,MATCH("k_u",'Local Parameter'!$A:$A,0))),1.1,IF(INDEX('Local Parameter'!E:E,MATCH("k_u",'Local Parameter'!$A:$A,0))="",1.1,INDEX('Local Parameter'!E:E,MATCH("k_u",'Local Parameter'!$A:$A,0))))&IF(ISBLANK(INDEX('Local Parameter'!$D:$D,MATCH("k_u",'Local Parameter'!$A:$A,0))),"",INDEX('Local Parameter'!$D:$D,MATCH("k_u",'Local Parameter'!$A:$A,0)))&";" | C28: ="var k_u = "&IF(ISBLANK(INDEX('Local Parameter'!$C:$C,MATCH("k_u",'Local Parameter'!$A:$A,0))),"",INDEX('Local Parameter'!$C:$C,MATCH("k_u",'Local Parameter'!$A:$A,0)))&IF(ISBLANK(INDEX('Local Parameter'!F:F,MATCH("k_u",'Local Parameter'!$A:$A,0))),1.1,IF(INDEX('Local Parameter'!F:F,MATCH("k_u",'Local Parameter'!$A:$A,0))="",1.1,INDEX('Local Parameter'!F:F,MATCH("k_u",'Local Parameter'!$A:$A,0))))&IF(ISBLANK(INDEX('Local Parameter'!$D:$D,MATCH("k_u",'Local Parameter'!$A:$A,0))),"",INDEX('Local Parameter'!$D:$D,MATCH("k_u",'Local Parameter'!$A:$A,0)))&";" | D28: ="var k_u = "&IF(ISBLANK(INDEX('Local Parameter'!$C:$C,MATCH("k_u",'Local Parameter'!$A:$A,0))),"",INDEX('Local Parameter'!$C:$C,MATCH("k_u",'Local Parameter'!$A:$A,0)))&IF(ISBLANK(INDEX('Local Parameter'!G:G,MATCH("k_u",'Local Parameter'!$A:$A,0))),1.1,IF(INDEX('Local Parameter'!G:G,MATCH("k_u",'Local Parameter'!$A:$A,0))="",1.1,INDEX('Local Parameter'!G:G,MATCH("k_u",'Local Parameter'!$A:$A,0))))&IF(ISBLANK(INDEX('Local Parameter'!$D:$D,MATCH("k_u",'Local Parameter'!$A:$A,0))),"",INDEX('Local Parameter'!$D:$D,MATCH("k_u",'Local Parameter'!$A:$A,0)))&";"
B29: ="var beta_EPS = "&IF(ISBLANK(INDEX('Local Parameter'!$C:$C,MATCH("beta_EPS",'Local Parameter'!$A:$A,0))),"",INDEX('Local Parameter'!$C:$C,MATCH("beta_EPS",'Local Parameter'!$A:$A,0)))&IF(ISBLANK(INDEX('Local Parameter'!E:E,MATCH("beta_EPS",'Local Parameter'!$A:$A,0))),0.733,IF(INDEX('Local Parameter'!E:E,MATCH("beta_EPS",'Local Parameter'!$A:$A,0))="",0.733,INDEX('Local Parameter'!E:E,MATCH("beta_EPS",'Local Parameter'!$A:$A,0))))&IF(ISBLANK(INDEX('Local Parameter'!$D:$D,MATCH("beta_EPS",'Local Parameter'!$A:$A,0))),"",INDEX('Local Parameter'!$D:$D,MATCH("beta_EPS",'Local Parameter'!$A:$A,0)))&";" | C29: ="var beta_EPS = "&IF(ISBLANK(INDEX('Local Parameter'!$C:$C,MATCH("beta_EPS",'Local Parameter'!$A:$A,0))),"",INDEX('Local Parameter'!$C:$C,MATCH("beta_EPS",'Local Parameter'!$A:$A,0)))&IF(ISBLANK(INDEX('Local Parameter'!F:F,MATCH("beta_EPS",'Local Parameter'!$A:$A,0))),0.733,IF(INDEX('Local Parameter'!F:F,MATCH("beta_EPS",'Local Parameter'!$A:$A,0))="",0.733,INDEX('Local Parameter'!F:F,MATCH("beta_EPS",'Local Parameter'!$A:$A,0))))&IF(ISBLANK(INDEX('Local Parameter'!$D:$D,MATCH("beta_EPS",'Local Parameter'!$A:$A,0))),"",INDEX('Local Parameter'!$D:$D,MATCH("beta_EPS",'Local Parameter'!$A:$A,0)))&";" | D29: ="var beta_EPS = "&IF(ISBLANK(INDEX('Local Parameter'!$C:$C,MATCH("beta_EPS",'Local Parameter'!$A:$A,0))),"",INDEX('Local Parameter'!$C:$C,MATCH("beta_EPS",'Local Parameter'!$A:$A,0)))&IF(ISBLANK(INDEX('Local Parameter'!G:G,MATCH("beta_EPS",'Local Parameter'!$A:$A,0))),0.733,IF(INDEX('Local Parameter'!G:G,MATCH("beta_EPS",'Local Parameter'!$A:$A,0))="",0.733,INDEX('Local Parameter'!G:G,MATCH("beta_EPS",'Local Parameter'!$A:$A,0))))&IF(ISBLANK(INDEX('Local Parameter'!$D:$D,MATCH("beta_EPS",'Local Parameter'!$A:$A,0))),"",INDEX('Local Parameter'!$D:$D,MATCH("beta_EPS",'Local Parameter'!$A:$A,0)))&";"
B30: ="var beta_EPP = "&IF(ISBLANK(INDEX('Local Parameter'!$C:$C,MATCH("beta_EPP",'Local Parameter'!$A:$A,0))),"",INDEX('Local Parameter'!$C:$C,MATCH("beta_EPP",'Local Parameter'!$A:$A,0)))&IF(ISBLANK(INDEX('Local Parameter'!E:E,MATCH("beta_EPP",'Local Parameter'!$A:$A,0))),0.733,IF(INDEX('Local Parameter'!E:E,MATCH("beta_EPP",'Local Parameter'!$A:$A,0))="",0.733,INDEX('Local Parameter'!E:E,MATCH("beta_EPP",'Local Parameter'!$A:$A,0))))&IF(ISBLANK(INDEX('Local Parameter'!$D:$D,MATCH("beta_EPP",'Local Parameter'!$A:$A,0))),"",INDEX('Local Parameter'!$D:$D,MATCH("beta_EPP",'Local Parameter'!$A:$A,0)))&";" | C30: ="var beta_EPP = "&IF(ISBLANK(INDEX('Local Parameter'!$C:$C,MATCH("beta_EPP",'Local Parameter'!$A:$A,0))),"",INDEX('Local Parameter'!$C:$C,MATCH("beta_EPP",'Local Parameter'!$A:$A,0)))&IF(ISBLANK(INDEX('Local Parameter'!F:F,MATCH("beta_EPP",'Local Parameter'!$A:$A,0))),0.733,IF(INDEX('Local Parameter'!F:F,MATCH("beta_EPP",'Local Parameter'!$A:$A,0))="",0.733,INDEX('Local Parameter'!F:F,MATCH("beta_EPP",'Local Parameter'!$A:$A,0))))&IF(ISBLANK(INDEX('Local Parameter'!$D:$D,MATCH("beta_EPP",'Local Parameter'!$A:$A,0))),"",INDEX('Local Parameter'!$D:$D,MATCH("beta_EPP",'Local Parameter'!$A:$A,0)))&";" | D30: ="var beta_EPP = "&IF(ISBLANK(INDEX('Local Parameter'!$C:$C,MATCH("beta_EPP",'Local Parameter'!$A:$A,0))),"",INDEX('Local Parameter'!$C:$C,MATCH("beta_EPP",'Local Parameter'!$A:$A,0)))&IF(ISBLANK(INDEX('Local Parameter'!G:G,MATCH("beta_EPP",'Local Parameter'!$A:$A,0))),0.733,IF(INDEX('Local Parameter'!G:G,MATCH("beta_EPP",'Local Parameter'!$A:$A,0))="",0.733,INDEX('Local Parameter'!G:G,MATCH("beta_EPP",'Local Parameter'!$A:$A,0))))&IF(ISBLANK(INDEX('Local Parameter'!$D:$D,MATCH("beta_EPP",'Local Parameter'!$A:$A,0))),"",INDEX('Local Parameter'!$D:$D,MATCH("beta_EPP",'Local Parameter'!$A:$A,0)))&";"
B31: ="var k_esf = "&IF(ISBLANK(INDEX('Local Parameter'!$C:$C,MATCH("k_esf",'Local Parameter'!$A:$A,0))),"",INDEX('Local Parameter'!$C:$C,MATCH("k_esf",'Local Parameter'!$A:$A,0)))&IF(ISBLANK(INDEX('Local Parameter'!E:E,MATCH("k_esf",'Local Parameter'!$A:$A,0))),1.1,IF(INDEX('Local Parameter'!E:E,MATCH("k_esf",'Local Parameter'!$A:$A,0))="",1.1,INDEX('Local Parameter'!E:E,MATCH("k_esf",'Local Parameter'!$A:$A,0))))&IF(ISBLANK(INDEX('Local Parameter'!$D:$D,MATCH("k_esf",'Local Parameter'!$A:$A,0))),"",INDEX('Local Parameter'!$D:$D,MATCH("k_esf",'Local Parameter'!$A:$A,0)))&";" | C31: ="var k_esf = "&IF(ISBLANK(INDEX('Local Parameter'!$C:$C,MATCH("k_esf",'Local Parameter'!$A:$A,0))),"",INDEX('Local Parameter'!$C:$C,MATCH("k_esf",'Local Parameter'!$A:$A,0)))&IF(ISBLANK(INDEX('Local Parameter'!F:F,MATCH("k_esf",'Local Parameter'!$A:$A,0))),1.1,IF(INDEX('Local Parameter'!F:F,MATCH("k_esf",'Local Parameter'!$A:$A,0))="",1.1,INDEX('Local Parameter'!F:F,MATCH("k_esf",'Local Parameter'!$A:$A,0))))&IF(ISBLANK(INDEX('Local Parameter'!$D:$D,MATCH("k_esf",'Local Parameter'!$A:$A,0))),"",INDEX('Local Parameter'!$D:$D,MATCH("k_esf",'Local Parameter'!$A:$A,0)))&";" | D31: ="var k_esf = "&IF(ISBLANK(INDEX('Local Parameter'!$C:$C,MATCH("k_esf",'Local Parameter'!$A:$A,0))),"",INDEX('Local Parameter'!$C:$C,MATCH("k_esf",'Local Parameter'!$A:$A,0)))&IF(ISBLANK(INDEX('Local Parameter'!G:G,MATCH("k_esf",'Local Parameter'!$A:$A,0))),1.1,IF(INDEX('Local Parameter'!G:G,MATCH("k_esf",'Local Parameter'!$A:$A,0))="",1.1,INDEX('Local Parameter'!G:G,MATCH("k_esf",'Local Parameter'!$A:$A,0))))&IF(ISBLANK(INDEX('Local Parameter'!$D:$D,MATCH("k_esf",'Local Parameter'!$A:$A,0))),"",INDEX('Local Parameter'!$D:$D,MATCH("k_esf",'Local Parameter'!$A:$A,0)))&";"
B32: ="var x_o = "&IF(ISBLANK(INDEX('Local Parameter'!$C:$C,MATCH("x_o",'Local Parameter'!$A:$A,0))),"",INDEX('Local Parameter'!$C:$C,MATCH("x_o",'Local Parameter'!$A:$A,0)))&IF(ISBLANK(INDEX('Local Parameter'!E:E,MATCH("x_o",'Local Parameter'!$A:$A,0))),51,IF(INDEX('Local Parameter'!E:E,MATCH("x_o",'Local Parameter'!$A:$A,0))="",51,INDEX('Local Parameter'!E:E,MATCH("x_o",'Local Parameter'!$A:$A,0))))&IF(ISBLANK(INDEX('Local Parameter'!$D:$D,MATCH("x_o",'Local Parameter'!$A:$A,0)))," m",IF(INDEX('Local Parameter'!$D:$D,MATCH("x_o",'Local Parameter'!$A:$A,0))=""," m",INDEX('Local Parameter'!$D:$D,MATCH("x_o",'Local Parameter'!$A:$A,0))))&";" | C32: ="var x_o = "&IF(ISBLANK(INDEX('Local Parameter'!$C:$C,MATCH("x_o",'Local Parameter'!$A:$A,0))),"",INDEX('Local Parameter'!$C:$C,MATCH("x_o",'Local Parameter'!$A:$A,0)))&IF(ISBLANK(INDEX('Local Parameter'!F:F,MATCH("x_o",'Local Parameter'!$A:$A,0))),51,IF(INDEX('Local Parameter'!F:F,MATCH("x_o",'Local Parameter'!$A:$A,0))="",51,INDEX('Local Parameter'!F:F,MATCH("x_o",'Local Parameter'!$A:$A,0))))&IF(ISBLANK(INDEX('Local Parameter'!$D:$D,MATCH("x_o",'Local Parameter'!$A:$A,0)))," m",IF(INDEX('Local Parameter'!$D:$D,MATCH("x_o",'Local Parameter'!$A:$A,0))=""," m",INDEX('Local Parameter'!$D:$D,MATCH("x_o",'Local Parameter'!$A:$A,0))))&";" | D32: ="var x_o = "&IF(ISBLANK(INDEX('Local Parameter'!$C:$C,MATCH("x_o",'Local Parameter'!$A:$A,0))),"",INDEX('Local Parameter'!$C:$C,MATCH("x_o",'Local Parameter'!$A:$A,0)))&IF(ISBLANK(INDEX('Local Parameter'!G:G,MATCH("x_o",'Local Parameter'!$A:$A,0))),51,IF(INDEX('Local Parameter'!G:G,MATCH("x_o",'Local Parameter'!$A:$A,0))="",51,INDEX('Local Parameter'!G:G,MATCH("x_o",'Local Parameter'!$A:$A,0))))&IF(ISBLANK(INDEX('Local Parameter'!$D:$D,MATCH("x_o",'Local Parameter'!$A:$A,0)))," m",IF(INDEX('Local Parameter'!$D:$D,MATCH("x_o",'Local Parameter'!$A:$A,0))=""," m",INDEX('Local Parameter'!$D:$D,MATCH("x_o",'Local Parameter'!$A:$A,0))))&";"
B33: ="// --- the calculation" | C33: ="// --- the calculation" | D33: ="// --- the calculation"
B34: ="var u = mu_deg; // the heading, as an Angle -- cos/sin take it directly" | C34: ="var u = mu_deg; // the heading, as an Angle -- cos/sin take it directly" | D34: ="var u = mu_deg; // the heading, as an Angle -- cos/sin take it directly"
B35: ="var C_1 = 0; // wave coefficient, 0 until a length bracket matches" | C35: ="var C_1 = 0; // wave coefficient, 0 until a length bracket matches" | D35: ="var C_1 = 0; // wave coefficient, 0 until a length bracket matches"
B36: ="// C_1 brackets of 3-2-1/3.5, closed at both ends; outside them C_1 is zero" | C36: ="// C_1 brackets of 3-2-1/3.5, closed at both ends; outside them C_1 is zero" | D36: ="// C_1 brackets of 3-2-1/3.5, closed at both ends; outside them C_1 is zero"
B37: ="if (L >= 61 m && L <= 90 m ) C_1 = 0.044 * (L / 1 m) + 3.75;" | C37: ="if (L >= 61 m && L <= 90 m ) C_1 = 0.044 * (L / 1 m) + 3.75;" | D37: ="if (L >= 61 m && L <= 90 m ) C_1 = 0.044 * (L / 1 m) + 3.75;"
B38: ="else if (L > 90 m && L < 300 m) C_1 = 10.75 - Math.pow((300 m - L) / 100 m, 1.5);" | C38: ="else if (L > 90 m && L < 300 m) C_1 = 10.75 - Math.pow((300 m - L) / 100 m, 1.5);" | D38: ="else if (L > 90 m && L < 300 m) C_1 = 10.75 - Math.pow((300 m - L) / 100 m, 1.5);"
B39: ="else if (L >= 300 m && L < 350 m) C_1 = 10.75;" | C39: ="else if (L >= 300 m && L < 350 m) C_1 = 10.75;" | D39: ="else if (L >= 300 m && L < 350 m) C_1 = 10.75;"
B40: ="else if (L >= 350 m && L <= 500 m) C_1 = 10.75 - Math.pow((L - 350 m) / 150 m, 1.5);" | C40: ="else if (L >= 350 m && L <= 500 m) C_1 = 10.75 - Math.pow((L - 350 m) / 150 m, 1.5);" | D40: ="else if (L >= 350 m && L <= 500 m) C_1 = 10.75 - Math.pow((L - 350 m) / 150 m, 1.5);"
B41: ="else C_1 = 0;" | C41: ="else C_1 = 0;" | D41: ="else C_1 = 0;"
B42: ="var h_do = 1.36 * C_1 * 1 m; // reference hydrodynamic head, k = 1 (5.5.1)" | C42: ="var h_do = 1.36 * C_1 * 1 m; // reference hydrodynamic head, k = 1 (5.5.1)" | D42: ="var h_do = 1.36 * C_1 * 1 m; // reference hydrodynamic head, k = 1 (5.5.1)"
B43: ="var z_bilge = r_b; // rule z of the bilge (the bilge radius)" | C43: ="var z_bilge = r_b; // rule z of the bilge (the bilge radius)" | D43: ="var z_bilge = r_b; // rule z of the bilge (the bilge radius)"
B44: ="var z_freeboard = D - freeboard; // rule z of the highest deck at side" | C44: ="var z_freeboard = D - freeboard; // rule z of the highest deck at side" | D44: ="var z_freeboard = D - freeboard; // rule z of the highest deck at side"
B45: ="var xL = x / L; // x / L, dimensionless" | C45: ="var xL = x / L; // x / L, dimensionless" | D45: ="var xL = x / L; // x / L, dimensionless"
B46: ="var k_lo = 1; // k_lo = 1.0 amidships" | C46: ="var k_lo = 1; // k_lo = 1.0 amidships" | D46: ="var k_lo = 1; // k_lo = 1.0 amidships"
B47: ="// Fig. 9: k_lo = 1 amidships, rising towards both ends" | C47: ="// Fig. 9: k_lo = 1 amidships, rising towards both ends" | D47: ="// Fig. 9: k_lo = 1 amidships, rising towards both ends"
B48: ="if (xL < 0.2) k_lo = 1.5 - xL * 2.5;" | C48: ="if (xL < 0.2) k_lo = 1.5 - xL * 2.5;" | D48: ="if (xL < 0.2) k_lo = 1.5 - xL * 2.5;"
B49: ="else if (xL > 0.7) k_lo = 1 + (xL - 0.7) * 5;" | C49: ="else if (xL > 0.7) k_lo = 1 + (xL - 0.7) * 5;" | D49: ="else if (xL > 0.7) k_lo = 1 + (xL - 0.7) * 5;"
B50: ="else k_lo = 1;" | C50: ="else k_lo = 1;" | D50: ="else k_lo = 1;"
B51: ="var k_l = 1 + (k_lo - 1) * Math.cos(u); // k_l = 1 + (k_lo - 1) cos mu; GeniE converts the angle inside cos" | C51: ="var k_l = 1 + (k_lo - 1) * Math.cos(u); // k_l = 1 + (k_lo - 1) cos mu; GeniE converts the angle inside cos" | D51: ="var k_l = 1 + (k_lo - 1) * Math.cos(u); // k_l = 1 + (k_lo - 1) cos mu; GeniE converts the angle inside cos"
B52: ="var k_f = k_f0 * (1 - (1 - Math.cos((x - x_o) / L * 360 deg)) * Math.cos(u)); // k_f, the reference station against the wave" | C52: ="var k_f = k_f0 * (1 - (1 - Math.cos((x - x_o) / L * 360 deg)) * Math.cos(u)); // k_f, the reference station against the wave" | D52: ="var k_f = k_f0 * (1 - (1 - Math.cos((x - x_o) / L * 360 deg)) * Math.cos(u)); // k_f, the reference station against the wave"
B53: ="var alpha_1 = (1 - 0.25 * Math.cos(u)) * k_f; // i = 1, at the waterline, starboard" | C53: ="var alpha_1 = (1 - 0.25 * Math.cos(u)) * k_f; // i = 1, at the waterline, starboard" | D53: ="var alpha_1 = (1 - 0.25 * Math.cos(u)) * k_f; // i = 1, at the waterline, starboard"
B54: ="var alpha_2 = (0.40 - 0.10 * Math.cos(u)) * k_f; // i = 2, at the bilge, starboard" | C54: ="var alpha_2 = (0.40 - 0.10 * Math.cos(u)) * k_f; // i = 2, at the bilge, starboard" | D54: ="var alpha_2 = (0.40 - 0.10 * Math.cos(u)) * k_f; // i = 2, at the bilge, starboard"
B55: ="var alpha_3 = (0.30 - 0.20 * Math.sin(u)) * k_f; // i = 3, at the bottom centre line" | C55: ="var alpha_3 = (0.30 - 0.20 * Math.sin(u)) * k_f; // i = 3, at the bottom centre line" | D55: ="var alpha_3 = (0.30 - 0.20 * Math.sin(u)) * k_f; // i = 3, at the bottom centre line"
B56: ="var alpha_5 = (0.75 - 1.25 * Math.sin(u)) * k_f; // i = 5, at the waterline, port" | C56: ="var alpha_5 = (0.75 - 1.25 * Math.sin(u)) * k_f; // i = 5, at the waterline, port" | D56: ="var alpha_5 = (0.75 - 1.25 * Math.sin(u)) * k_f; // i = 5, at the waterline, port"
B57: ="var alpha_4 = 2 * alpha_3 - alpha_2; // i = 4 = 2 alpha_3 - alpha_2, at the bilge, port" | C57: ="var alpha_4 = 2 * alpha_3 - alpha_2; // i = 4 = 2 alpha_3 - alpha_2, at the bilge, port" | D57: ="var alpha_4 = 2 * alpha_3 - alpha_2; // i = 4 = 2 alpha_3 - alpha_2, at the bilge, port"
B58: ="var h_d1 = k_l * alpha_1 * h_do; // hydrodynamic head at i = 1" | C58: ="var h_d1 = k_l * alpha_1 * h_do; // hydrodynamic head at i = 1" | D58: ="var h_d1 = k_l * alpha_1 * h_do; // hydrodynamic head at i = 1"
B59: ="var h_d5 = k_l * alpha_5 * h_do; // hydrodynamic head at i = 5" | C59: ="var h_d5 = k_l * alpha_5 * h_do; // hydrodynamic head at i = 5" | D59: ="var h_d5 = k_l * alpha_5 * h_do; // hydrodynamic head at i = 5"
B60: ="var h_star_s = Math.min(z_freeboard - draft, k_u * h_d1); // Fig. 10: the head above the waterline, capped at the freeboard, starboard" | C60: ="var h_star_s = Math.min(z_freeboard - draft, k_u * h_d1); // Fig. 10: the head above the waterline, capped at the freeboard, starboard" | D60: ="var h_star_s = Math.min(z_freeboard - draft, k_u * h_d1); // Fig. 10: the head above the waterline, capped at the freeboard, starboard"
B61: ="var h_star_p = Math.min(z_freeboard - draft, k_u * h_d5); // Fig. 10: the head above the waterline, capped at the freeboard, port" | C61: ="var h_star_p = Math.min(z_freeboard - draft, k_u * h_d5); // Fig. 10: the head above the waterline, capped at the freeboard, port" | D61: ="var h_star_p = Math.min(z_freeboard - draft, k_u * h_d5); // Fig. 10: the head above the waterline, capped at the freeboard, port"
B62: ="var alpha_i = 0; // alpha at the point evaluated, assigned by the girth branches" | C62: ="var alpha_i = 0; // alpha at the point evaluated, assigned by the girth branches" | D62: ="var alpha_i = 0; // alpha at the point evaluated, assigned by the girth branches"
B63: ="// Fig. 8: alpha at the point evaluated" | C63: ="// Fig. 8: alpha at the point evaluated" | D63: ="// Fig. 8: alpha at the point evaluated"
B64: ="if (z >= z_bilge) {" | C64: ="if (z >= z_bilge) {" | D64: ="if (z >= z_bilge) {"
B65: =" if (z <= draft) {" | C65: =" if (z <= draft) {" | D65: =" if (z <= draft) {"
B66: =" // bilge to waterline, on the side of the girth the point is on" | C66: =" // bilge to waterline, on the side of the girth the point is on" | D66: =" // bilge to waterline, on the side of the girth the point is on"
B67: =" if (y >= 0 m) alpha_i = alpha_2 + (alpha_1 - alpha_2) * (z - z_bilge) / (draft - z_bilge);" | C67: =" if (y >= 0 m) alpha_i = alpha_2 + (alpha_1 - alpha_2) * (z - z_bilge) / (draft - z_bilge);" | D67: =" if (y >= 0 m) alpha_i = alpha_2 + (alpha_1 - alpha_2) * (z - z_bilge) / (draft - z_bilge);"
B68: =" else alpha_i = alpha_4 + (alpha_5 - alpha_4) * (z - z_bilge) / (draft - z_bilge);" | C68: =" else alpha_i = alpha_4 + (alpha_5 - alpha_4) * (z - z_bilge) / (draft - z_bilge);" | D68: =" else alpha_i = alpha_4 + (alpha_5 - alpha_4) * (z - z_bilge) / (draft - z_bilge);"
B69: =" } else {" | C69: =" } else {" | D69: =" } else {"
B70: =" // above the waterline, faded out over that side's h_star" | C70: =" // above the waterline, faded out over that side's h_star" | D70: =" // above the waterline, faded out over that side's h_star"
B71: =" if (y >= 0 m) {" | C71: =" if (y >= 0 m) {" | D71: =" if (y >= 0 m) {"
B72: =" if (h_star_s <= 0 m) alpha_i = 0;" | C72: =" if (h_star_s <= 0 m) alpha_i = 0;" | D72: =" if (h_star_s <= 0 m) alpha_i = 0;"
B73: =" else alpha_i = alpha_1 - (z - draft) / h_star_s * alpha_1;" | C73: =" else alpha_i = alpha_1 - (z - draft) / h_star_s * alpha_1;" | D73: =" else alpha_i = alpha_1 - (z - draft) / h_star_s * alpha_1;"
B74: =" } else {" | C74: =" } else {" | D74: =" } else {"
B75: =" if (h_star_p <= 0 m) alpha_i = 0;" | C75: =" if (h_star_p <= 0 m) alpha_i = 0;" | D75: =" if (h_star_p <= 0 m) alpha_i = 0;"
B76: =" else alpha_i = alpha_5 - (z - draft) / h_star_p * alpha_5;" | C76: =" else alpha_i = alpha_5 - (z - draft) / h_star_p * alpha_5;" | D76: =" else alpha_i = alpha_5 - (z - draft) / h_star_p * alpha_5;"
B77: =" }" | C77: =" }" | D77: =" }"
B78: =" }" | C78: =" }" | D78: =" }"
B79: ="} else {" | C79: ="} else {" | D79: ="} else {"
B80: =" // below the bilge: linear across the flat of bottom" | C80: =" // below the bilge: linear across the flat of bottom" | D80: =" // below the bilge: linear across the flat of bottom"
B81: =" alpha_i = alpha_4 + (alpha_2 - alpha_4) * (z + z_bilge) / (2 * z_bilge);" | C81: =" alpha_i = alpha_4 + (alpha_2 - alpha_4) * (z + z_bilge) / (2 * z_bilge);" | D81: =" alpha_i = alpha_4 + (alpha_2 - alpha_4) * (z + z_bilge) / (2 * z_bilge);"
B82: ="}" | C82: ="}" | D82: ="}"
B83: ="// 5.5.1: which side of the girth, and so which ESF" | C83: ="// 5.5.1: which side of the girth, and so which ESF" | D83: ="// 5.5.1: which side of the girth, and so which ESF"
B84: ="// the ESF is a property of the SIDE the point is on: EPS to starboard, EPP to port" | C84: ="// the ESF is a property of the SIDE the point is on: EPS to starboard, EPP to port" | D84: ="// the ESF is a property of the SIDE the point is on: EPS to starboard, EPP to port"
B85: ="var ESF_side = 0;" | C85: ="var ESF_side = 0;" | D85: ="var ESF_side = 0;"
B86: ="if (y >= 0 m) ESF_side = beta_EPS * k_esf;" | C86: ="if (y >= 0 m) ESF_side = beta_EPS * k_esf;" | D86: ="if (y >= 0 m) ESF_side = beta_EPS * k_esf;"
B87: ="else ESF_side = beta_EPP * k_esf;" | C87: ="else ESF_side = beta_EPP * k_esf;" | D87: ="else ESF_side = beta_EPP * k_esf;"
B88: ="var h_di = k_l * alpha_i * h_do; // hydrodynamic head at the point evaluated (5.5.1)" | C88: ="var h_di = k_l * alpha_i * h_do; // hydrodynamic head at the point evaluated (5.5.1)" | D88: ="var h_di = k_l * alpha_i * h_do; // hydrodynamic head at the point evaluated (5.5.1)"
B89: ="var h_de = k_c * h_di; // h_de = k_c h_di (5.5.1 nominal form)" | C89: ="var h_de = k_c * h_di; // h_de = k_c h_di (5.5.1 nominal form)" | D89: ="var h_de = k_c * h_di; // h_de = k_c h_di (5.5.1 nominal form)"
B90: ="var p_s = Math.max(rho_sea * g * (draft - z), 0 Pa); // still-water pressure, zero above the waterline" | C90: ="var p_s = Math.max(rho_sea * g * (draft - z), 0 Pa); // still-water pressure, zero above the waterline" | D90: ="var p_s = Math.max(rho_sea * g * (draft - z), 0 Pa); // still-water pressure, zero above the waterline"
B91: ="var p_d = rho_sea * g * ESF_side * k_u * h_de; // hydrodynamic pressure, with the ESF of the side the point is on" | C91: ="var p_d = rho_sea * g * ESF_side * k_u * h_de; // hydrodynamic pressure, with the ESF of the side the point is on" | D91: ="var p_d = rho_sea * g * ESF_side * k_u * h_de; // hydrodynamic pressure, with the ESF of the side the point is on"
B92: ="return Math.max(p_s + p_d, 0 Pa); // the pressure the function returns" | C92: ="return Math.max(p_s + p_d, 0 Pa); // the pressure the function returns" | D92: ="return Math.max(p_s + p_d, 0 Pa); // the pressure the function returns"

Sheet Summary
A2: EXT-T20.559-mu90-kf+1 | B2: ="| 项目 | 值 | 出处 |" | C2: ="| --- | --- | --- |" | D2: ="| case_name | "&'Local Parameter'!$E$1&" | 工况名（Excel 表头） |" | E2: ="| kind | "&IF(ISBLANK(INDEX('Local Parameter'!$C:$C,MATCH("kind",'Local Parameter'!$A:$A,0))),"",INDEX('Local Parameter'!$C:$C,MATCH("kind",'Local Parameter'!$A:$A,0)))&IF(ISBLANK(INDEX('Local Parameter'!$E:$E,MATCH("kind",'Local Parameter'!$A:$A,0))),"EXT",IF(INDEX('Local Parameter'!$E:$E,MATCH("kind",'Local Parameter'!$A:$A,0))="","EXT",INDEX('Local Parameter'!$E:$E,MATCH("kind",'Local Parameter'!$A:$A,0))))&IF(ISBLANK(INDEX('Local Parameter'!$D:$D,MATCH("kind",'Local Parameter'!$A:$A,0))),"",INDEX('Local Parameter'!$D:$D,MATCH("kind",'Local Parameter'!$A:$A,0)))&" | 规则集（多规则集共用一本工作簿时用 case_filter 分流） |" | F2: ="| draft | "&IF(ISBLANK(INDEX('Local Parameter'!$C:$C,MATCH("draft",'Local Parameter'!$A:$A,0))),"",INDEX('Local Parameter'!$C:$C,MATCH("draft",'Local Parameter'!$A:$A,0)))&IF(ISBLANK(INDEX('Local Parameter'!$E:$E,MATCH("draft",'Local Parameter'!$A:$A,0))),20.559,IF(INDEX('Local Parameter'!$E:$E,MATCH("draft",'Local Parameter'!$A:$A,0))="",20.559,INDEX('Local Parameter'!$E:$E,MATCH("draft",'Local Parameter'!$A:$A,0))))&IF(ISBLANK(INDEX('Local Parameter'!$D:$D,MATCH("draft",'Local Parameter'!$A:$A,0)))," m",IF(INDEX('Local Parameter'!$D:$D,MATCH("draft",'Local Parameter'!$A:$A,0))=""," m",INDEX('Local Parameter'!$D:$D,MATCH("draft",'Local Parameter'!$A:$A,0))))&" | 装载工况 |" | G2: ="| mu_deg | "&IF(ISBLANK(INDEX('Local Parameter'!$C:$C,MATCH("mu_deg",'Local Parameter'!$A:$A,0))),"",INDEX('Local Parameter'!$C:$C,MATCH("mu_deg",'Local Parameter'!$A:$A,0)))&IF(ISBLANK(INDEX('Local Parameter'!$E:$E,MATCH("mu_deg",'Local Parameter'!$A:$A,0))),90,IF(INDEX('Local Parameter'!$E:$E,MATCH("mu_deg",'Local Parameter'!$A:$A,0))="",90,INDEX('Local Parameter'!$E:$E,MATCH("mu_deg",'Local Parameter'!$A:$A,0))))&IF(ISBLANK(INDEX('Local Parameter'!$D:$D,MATCH("mu_deg",'Local Parameter'!$A:$A,0)))," deg",IF(INDEX('Local Parameter'!$D:$D,MATCH("mu_deg",'Local Parameter'!$A:$A,0))=""," deg",INDEX('Local Parameter'!$D:$D,MATCH("mu_deg",'Local Parameter'!$A:$A,0))))&" | Table 1A D |" | H2: ="| k_c | "&IF(ISBLANK(INDEX('Local Parameter'!$C:$C,MATCH("k_c",'Local Parameter'!$A:$A,0))),"",INDEX('Local Parameter'!$C:$C,MATCH("k_c",'Local Parameter'!$A:$A,0)))&IF(ISBLANK(INDEX('Local Parameter'!$E:$E,MATCH("k_c",'Local Parameter'!$A:$A,0))),1,IF(INDEX('Local Parameter'!$E:$E,MATCH("k_c",'Local Parameter'!$A:$A,0))="",1,INDEX('Local Parameter'!$E:$E,MATCH("k_c",'Local Parameter'!$A:$A,0))))&IF(ISBLANK(INDEX('Local Parameter'!$D:$D,MATCH("k_c",'Local Parameter'!$A:$A,0))),"",INDEX('Local Parameter'!$D:$D,MATCH("k_c",'Local Parameter'!$A:$A,0)))&" | Table 1A B |" | I2: ="| k_f0 | "&IF(ISBLANK(INDEX('Local Parameter'!$C:$C,MATCH("k_f0",'Local Parameter'!$A:$A,0))),"",INDEX('Local Parameter'!$C:$C,MATCH("k_f0",'Local Parameter'!$A:$A,0)))&IF(ISBLANK(INDEX('Local Parameter'!$E:$E,MATCH("k_f0",'Local Parameter'!$A:$A,0))),1,IF(INDEX('Local Parameter'!$E:$E,MATCH("k_f0",'Local Parameter'!$A:$A,0))="",1,INDEX('Local Parameter'!$E:$E,MATCH("k_f0",'Local Parameter'!$A:$A,0))))&IF(ISBLANK(INDEX('Local Parameter'!$D:$D,MATCH("k_f0",'Local Parameter'!$A:$A,0))),"",INDEX('Local Parameter'!$D:$D,MATCH("k_f0",'Local Parameter'!$A:$A,0)))&" | Table 1A B |" | J2: ="| k_u | "&IF(ISBLANK(INDEX('Local Parameter'!$C:$C,MATCH("k_u",'Local Parameter'!$A:$A,0))),"",INDEX('Local Parameter'!$C:$C,MATCH("k_u",'Local Parameter'!$A:$A,0)))&IF(ISBLANK(INDEX('Local Parameter'!$E:$E,MATCH("k_u",'Local Parameter'!$A:$A,0))),1.1,IF(INDEX('Local Parameter'!$E:$E,MATCH("k_u",'Local Parameter'!$A:$A,0))="",1.1,INDEX('Local Parameter'!$E:$E,MATCH("k_u",'Local Parameter'!$A:$A,0))))&IF(ISBLANK(INDEX('Local Parameter'!$D:$D,MATCH("k_u",'Local Parameter'!$A:$A,0))),"",INDEX('Local Parameter'!$D:$D,MATCH("k_u",'Local Parameter'!$A:$A,0)))&" | 5A-3-2/7, /9 |" | K2: ="| beta_EPS | "&IF(ISBLANK(INDEX('Local Parameter'!$C:$C,MATCH("beta_EPS",'Local Parameter'!$A:$A,0))),"",INDEX('Local Parameter'!$C:$C,MATCH("beta_EPS",'Local Parameter'!$A:$A,0)))&IF(ISBLANK(INDEX('Local Parameter'!$E:$E,MATCH("beta_EPS",'Local Parameter'!$A:$A,0))),0.733,IF(INDEX('Local Parameter'!$E:$E,MATCH("beta_EPS",'Local Parameter'!$A:$A,0))="",0.733,INDEX('Local Parameter'!$E:$E,MATCH("beta_EPS",'Local Parameter'!$A:$A,0))))&IF(ISBLANK(INDEX('Local Parameter'!$D:$D,MATCH("beta_EPS",'Local Parameter'!$A:$A,0))),"",INDEX('Local Parameter'!$D:$D,MATCH("beta_EPS",'Local Parameter'!$A:$A,0)))&" | 5A-3-A1/3 |" | L2: ="| beta_EPP | "&IF(ISBLANK(INDEX('Local Parameter'!$C:$C,MATCH("beta_EPP",'Local Parameter'!$A:$A,0))),"",INDEX('Local Parameter'!$C:$C,MATCH("beta_EPP",'Local Parameter'!$A:$A,0)))&IF(ISBLANK(INDEX('Local Parameter'!$E:$E,MATCH("beta_EPP",'Local Parameter'!$A:$A,0))),0.733,IF(INDEX('Local Parameter'!$E:$E,MATCH("beta_EPP",'Local Parameter'!$A:$A,0))="",0.733,INDEX('Local Parameter'!$E:$E,MATCH("beta_EPP",'Local Parameter'!$A:$A,0))))&IF(ISBLANK(INDEX('Local Parameter'!$D:$D,MATCH("beta_EPP",'Local Parameter'!$A:$A,0))),"",INDEX('Local Parameter'!$D:$D,MATCH("beta_EPP",'Local Parameter'!$A:$A,0)))&" | 5A-3-A1/3 |" | M2: ="| k_esf | "&IF(ISBLANK(INDEX('Local Parameter'!$C:$C,MATCH("k_esf",'Local Parameter'!$A:$A,0))),"",INDEX('Local Parameter'!$C:$C,MATCH("k_esf",'Local Parameter'!$A:$A,0)))&IF(ISBLANK(INDEX('Local Parameter'!$E:$E,MATCH("k_esf",'Local Parameter'!$A:$A,0))),1.1,IF(INDEX('Local Parameter'!$E:$E,MATCH("k_esf",'Local Parameter'!$A:$A,0))="",1.1,INDEX('Local Parameter'!$E:$E,MATCH("k_esf",'Local Parameter'!$A:$A,0))))&IF(ISBLANK(INDEX('Local Parameter'!$D:$D,MATCH("k_esf",'Local Parameter'!$A:$A,0))),"",INDEX('Local Parameter'!$D:$D,MATCH("k_esf",'Local Parameter'!$A:$A,0)))&" | 项目 |" | N2: ="| x_o | "&IF(ISBLANK(INDEX('Local Parameter'!$C:$C,MATCH("x_o",'Local Parameter'!$A:$A,0))),"",INDEX('Local Parameter'!$C:$C,MATCH("x_o",'Local Parameter'!$A:$A,0)))&IF(ISBLANK(INDEX('Local Parameter'!$E:$E,MATCH("x_o",'Local Parameter'!$A:$A,0))),51,IF(INDEX('Local Parameter'!$E:$E,MATCH("x_o",'Local Parameter'!$A:$A,0))="",51,INDEX('Local Parameter'!$E:$E,MATCH("x_o",'Local Parameter'!$A:$A,0))))&IF(ISBLANK(INDEX('Local Parameter'!$D:$D,MATCH("x_o",'Local Parameter'!$A:$A,0)))," m",IF(INDEX('Local Parameter'!$D:$D,MATCH("x_o",'Local Parameter'!$A:$A,0))=""," m",INDEX('Local Parameter'!$D:$D,MATCH("x_o",'Local Parameter'!$A:$A,0))))&" | Fig. 9 脚注 |" | O2: ="| L | "&IF(ISBLANK(INDEX('Global Parameter'!$D:$D,MATCH("L",'Global Parameter'!$A:$A,0))),"",INDEX('Global Parameter'!$D:$D,MATCH("L",'Global Parameter'!$A:$A,0)))&IF(ISBLANK(INDEX('Global Parameter'!$B:$B,MATCH("L",'Global Parameter'!$A:$A,0))),340,IF(INDEX('Global Parameter'!$B:$B,MATCH("L",'Global Parameter'!$A:$A,0))="",340,INDEX('Global Parameter'!$B:$B,MATCH("L",'Global Parameter'!$A:$A,0))))&IF(ISBLANK(INDEX('Global Parameter'!$E:$E,MATCH("L",'Global Parameter'!$A:$A,0)))," m",IF(INDEX('Global Parameter'!$E:$E,MATCH("L",'Global Parameter'!$A:$A,0))=""," m",INDEX('Global Parameter'!$E:$E,MATCH("L",'Global Parameter'!$A:$A,0))))&" | 3-1-1/3 |" | P2: ="| B | "&IF(ISBLANK(INDEX('Global Parameter'!$D:$D,MATCH("B",'Global Parameter'!$A:$A,0))),"",INDEX('Global Parameter'!$D:$D,MATCH("B",'Global Parameter'!$A:$A,0)))&IF(ISBLANK(INDEX('Global Parameter'!$B:$B,MATCH("B",'Global Parameter'!$A:$A,0))),64,IF(INDEX('Global Parameter'!$B:$B,MATCH("B",'Global Parameter'!$A:$A,0))="",64,INDEX('Global Parameter'!$B:$B,MATCH("B",'Global Parameter'!$A:$A,0))))&IF(ISBLANK(INDEX('Global Parameter'!$E:$E,MATCH("B",'Global Parameter'!$A:$A,0)))," m",IF(INDEX('Global Parameter'!$E:$E,MATCH("B",'Global Parameter'!$A:$A,0))=""," m",INDEX('Global Parameter'!$E:$E,MATCH("B",'Global Parameter'!$A:$A,0))))&" | 3-1-1/3 |" | Q2: ="| D | "&IF(ISBLANK(INDEX('Global Parameter'!$D:$D,MATCH("D",'Global Parameter'!$A:$A,0))),"",INDEX('Global Parameter'!$D:$D,MATCH("D",'Global Parameter'!$A:$A,0)))&IF(ISBLANK(INDEX('Global Parameter'!$B:$B,MATCH("D",'Global Parameter'!$A:$A,0))),32,IF(INDEX('Global Parameter'!$B:$B,MATCH("D",'Global Parameter'!$A:$A,0))="",32,INDEX('Global Parameter'!$B:$B,MATCH("D",'Global Parameter'!$A:$A,0))))&IF(ISBLANK(INDEX('Global Parameter'!$E:$E,MATCH("D",'Global Parameter'!$A:$A,0)))," m",IF(INDEX('Global Parameter'!$E:$E,MATCH("D",'Global Parameter'!$A:$A,0))=""," m",INDEX('Global Parameter'!$E:$E,MATCH("D",'Global Parameter'!$A:$A,0))))&" | 3-1-1/3 |" | R2: ="| r_b | "&IF(ISBLANK(INDEX('Global Parameter'!$D:$D,MATCH("r_b",'Global Parameter'!$A:$A,0))),"",INDEX('Global Parameter'!$D:$D,MATCH("r_b",'Global Parameter'!$A:$A,0)))&IF(ISBLANK(INDEX('Global Parameter'!$B:$B,MATCH("r_b",'Global Parameter'!$A:$A,0))),0.703,IF(INDEX('Global Parameter'!$B:$B,MATCH("r_b",'Global Parameter'!$A:$A,0))="",0.703,INDEX('Global Parameter'!$B:$B,MATCH("r_b",'Global Parameter'!$A:$A,0))))&IF(ISBLANK(INDEX('Global Parameter'!$E:$E,MATCH("r_b",'Global Parameter'!$A:$A,0)))," m",IF(INDEX('Global Parameter'!$E:$E,MATCH("r_b",'Global Parameter'!$A:$A,0))=""," m",INDEX('Global Parameter'!$E:$E,MATCH("r_b",'Global Parameter'!$A:$A,0))))&" | Fig. 11 |" | S2: ="| freeboard | "&IF(ISBLANK(INDEX('Global Parameter'!$D:$D,MATCH("freeboard",'Global Parameter'!$A:$A,0))),"",INDEX('Global Parameter'!$D:$D,MATCH("freeboard",'Global Parameter'!$A:$A,0)))&IF(ISBLANK(INDEX('Global Parameter'!$B:$B,MATCH("freeboard",'Global Parameter'!$A:$A,0))),0.5,IF(INDEX('Global Parameter'!$B:$B,MATCH("freeboard",'Global Parameter'!$A:$A,0))="",0.5,INDEX('Global Parameter'!$B:$B,MATCH("freeboard",'Global Parameter'!$A:$A,0))))&IF(ISBLANK(INDEX('Global Parameter'!$E:$E,MATCH("freeboard",'Global Parameter'!$A:$A,0)))," m",IF(INDEX('Global Parameter'!$E:$E,MATCH("freeboard",'Global Parameter'!$A:$A,0))=""," m",INDEX('Global Parameter'!$E:$E,MATCH("freeboard",'Global Parameter'!$A:$A,0))))&" | Fig. 10 |" | T2: ="| rho_sea | "&IF(ISBLANK(INDEX('Global Parameter'!$D:$D,MATCH("rho_sea",'Global Parameter'!$A:$A,0))),"",INDEX('Global Parameter'!$D:$D,MATCH("rho_sea",'Global Parameter'!$A:$A,0)))&IF(ISBLANK(INDEX('Global Parameter'!$B:$B,MATCH("rho_sea",'Global Parameter'!$A:$A,0))),1025,IF(INDEX('Global Parameter'!$B:$B,MATCH("rho_sea",'Global Parameter'!$A:$A,0))="",1025,INDEX('Global Parameter'!$B:$B,MATCH("rho_sea",'Global Parameter'!$A:$A,0))))&IF(ISBLANK(INDEX('Global Parameter'!$E:$E,MATCH("rho_sea",'Global Parameter'!$A:$A,0)))," kg/m^3",IF(INDEX('Global Parameter'!$E:$E,MATCH("rho_sea",'Global Parameter'!$A:$A,0))=""," kg/m^3",INDEX('Global Parameter'!$E:$E,MATCH("rho_sea",'Global Parameter'!$A:$A,0))))&" | 5.5.1 |" | U2: ="| g | "&IF(ISBLANK(INDEX('Global Parameter'!$D:$D,MATCH("g",'Global Parameter'!$A:$A,0))),"",INDEX('Global Parameter'!$D:$D,MATCH("g",'Global Parameter'!$A:$A,0)))&IF(ISBLANK(INDEX('Global Parameter'!$B:$B,MATCH("g",'Global Parameter'!$A:$A,0))),9.81,IF(INDEX('Global Parameter'!$B:$B,MATCH("g",'Global Parameter'!$A:$A,0))="",9.81,INDEX('Global Parameter'!$B:$B,MATCH("g",'Global Parameter'!$A:$A,0))))&IF(ISBLANK(INDEX('Global Parameter'!$E:$E,MATCH("g",'Global Parameter'!$A:$A,0)))," m/s^2",IF(INDEX('Global Parameter'!$E:$E,MATCH("g",'Global Parameter'!$A:$A,0))=""," m/s^2",INDEX('Global Parameter'!$E:$E,MATCH("g",'Global Parameter'!$A:$A,0))))&" | 5.5.1 |" | V2: ="| Cb | "&IF(ISBLANK(INDEX('Global Parameter'!$D:$D,MATCH("Cb",'Global Parameter'!$A:$A,0))),"",INDEX('Global Parameter'!$D:$D,MATCH("Cb",'Global Parameter'!$A:$A,0)))&IF(ISBLANK(INDEX('Global Parameter'!$B:$B,MATCH("Cb",'Global Parameter'!$A:$A,0))),1,IF(INDEX('Global Parameter'!$B:$B,MATCH("Cb",'Global Parameter'!$A:$A,0))="",1,INDEX('Global Parameter'!$B:$B,MATCH("Cb",'Global Parameter'!$A:$A,0))))&IF(ISBLANK(INDEX('Global Parameter'!$E:$E,MATCH("Cb",'Global Parameter'!$A:$A,0))),"",INDEX('Global Parameter'!$E:$E,MATCH("Cb",'Global Parameter'!$A:$A,0)))&" | 3-1-1/13.3 |" | W2: ="| axis ax | ("&IF(ISBLANK(INDEX('Global Parameter'!$D:$D,MATCH("ax_x",'Global Parameter'!$A:$A,0))),"",INDEX('Global Parameter'!$D:$D,MATCH("ax_x",'Global Parameter'!$A:$A,0)))&IF(ISBLANK(INDEX('Global Parameter'!$B:$B,MATCH("ax_x",'Global Parameter'!$A:$A,0))),"1",IF(INDEX('Global Parameter'!$B:$B,MATCH("ax_x",'Global Parameter'!$A:$A,0))="","1",INDEX('Global Parameter'!$B:$B,MATCH("ax_x",'Global Parameter'!$A:$A,0))))&IF(ISBLANK(INDEX('Global Parameter'!$E:$E,MATCH("ax_x",'Global Parameter'!$A:$A,0))),"",INDEX('Global Parameter'!$E:$E,MATCH("ax_x",'Global Parameter'!$A:$A,0)))&", "&IF(ISBLANK(INDEX('Global Parameter'!$D:$D,MATCH("ax_y",'Global Parameter'!$A:$A,0))),"",INDEX('Global Parameter'!$D:$D,MATCH("ax_y",'Global Parameter'!$A:$A,0)))&IF(ISBLANK(INDEX('Global Parameter'!$B:$B,MATCH("ax_y",'Global Parameter'!$A:$A,0))),"2",IF(INDEX('Global Parameter'!$B:$B,MATCH("ax_y",'Global Parameter'!$A:$A,0))="","2",INDEX('Global Parameter'!$B:$B,MATCH("ax_y",'Global Parameter'!$A:$A,0))))&IF(ISBLANK(INDEX('Global Parameter'!$E:$E,MATCH("ax_y",'Global Parameter'!$A:$A,0))),"",INDEX('Global Parameter'!$E:$E,MATCH("ax_y",'Global Parameter'!$A:$A,0)))&", "&IF(ISBLANK(INDEX('Global Parameter'!$D:$D,MATCH("ax_z",'Global Parameter'!$A:$A,0))),"",INDEX('Global Parameter'!$D:$D,MATCH("ax_z",'Global Parameter'!$A:$A,0)))&IF(ISBLANK(INDEX('Global Parameter'!$B:$B,MATCH("ax_z",'Global Parameter'!$A:$A,0))),"3",IF(INDEX('Global Parameter'!$B:$B,MATCH("ax_z",'Global Parameter'!$A:$A,0))="","3",INDEX('Global Parameter'!$B:$B,MATCH("ax_z",'Global Parameter'!$A:$A,0))))&IF(ISBLANK(INDEX('Global Parameter'!$E:$E,MATCH("ax_z",'Global Parameter'!$A:$A,0))),"",INDEX('Global Parameter'!$E:$E,MATCH("ax_z",'Global Parameter'!$A:$A,0)))&") | 模型 |" | X2: ="| axis neg | ("&IF(ISBLANK(INDEX('Global Parameter'!$D:$D,MATCH("neg_x",'Global Parameter'!$A:$A,0))),"",INDEX('Global Parameter'!$D:$D,MATCH("neg_x",'Global Parameter'!$A:$A,0)))&IF(ISBLANK(INDEX('Global Parameter'!$B:$B,MATCH("neg_x",'Global Parameter'!$A:$A,0))),"",INDEX('Global Parameter'!$B:$B,MATCH("neg_x",'Global Parameter'!$A:$A,0)))&IF(ISBLANK(INDEX('Global Parameter'!$E:$E,MATCH("neg_x",'Global Parameter'!$A:$A,0))),"",INDEX('Global Parameter'!$E:$E,MATCH("neg_x",'Global Parameter'!$A:$A,0)))&" / "&IF(ISBLANK(INDEX('Global Parameter'!$D:$D,MATCH("neg_y",'Global Parameter'!$A:$A,0))),"",INDEX('Global Parameter'!$D:$D,MATCH("neg_y",'Global Parameter'!$A:$A,0)))&IF(ISBLANK(INDEX('Global Parameter'!$B:$B,MATCH("neg_y",'Global Parameter'!$A:$A,0))),"",INDEX('Global Parameter'!$B:$B,MATCH("neg_y",'Global Parameter'!$A:$A,0)))&IF(ISBLANK(INDEX('Global Parameter'!$E:$E,MATCH("neg_y",'Global Parameter'!$A:$A,0))),"",INDEX('Global Parameter'!$E:$E,MATCH("neg_y",'Global Parameter'!$A:$A,0)))&" / "&IF(ISBLANK(INDEX('Global Parameter'!$D:$D,MATCH("neg_z",'Global Parameter'!$A:$A,0))),"",INDEX('Global Parameter'!$D:$D,MATCH("neg_z",'Global Parameter'!$A:$A,0)))&IF(ISBLANK(INDEX('Global Parameter'!$B:$B,MATCH("neg_z",'Global Parameter'!$A:$A,0))),"",INDEX('Global Parameter'!$B:$B,MATCH("neg_z",'Global Parameter'!$A:$A,0)))&IF(ISBLANK(INDEX('Global Parameter'!$E:$E,MATCH("neg_z",'Global Parameter'!$A:$A,0))),"",INDEX('Global Parameter'!$E:$E,MATCH("neg_z",'Global Parameter'!$A:$A,0)))&") | 模型 |"
A3: EXT-T15-mu0-kf-1 | B3: ="| 项目 | 值 | 出处 |" | C3: ="| --- | --- | --- |" | D3: ="| case_name | "&'Local Parameter'!$F$1&" | 工况名（Excel 表头） |" | E3: ="| kind | "&IF(ISBLANK(INDEX('Local Parameter'!$C:$C,MATCH("kind",'Local Parameter'!$A:$A,0))),"",INDEX('Local Parameter'!$C:$C,MATCH("kind",'Local Parameter'!$A:$A,0)))&IF(ISBLANK(INDEX('Local Parameter'!$F:$F,MATCH("kind",'Local Parameter'!$A:$A,0))),"EXT",IF(INDEX('Local Parameter'!$F:$F,MATCH("kind",'Local Parameter'!$A:$A,0))="","EXT",INDEX('Local Parameter'!$F:$F,MATCH("kind",'Local Parameter'!$A:$A,0))))&IF(ISBLANK(INDEX('Local Parameter'!$D:$D,MATCH("kind",'Local Parameter'!$A:$A,0))),"",INDEX('Local Parameter'!$D:$D,MATCH("kind",'Local Parameter'!$A:$A,0)))&" | 规则集（多规则集共用一本工作簿时用 case_filter 分流） |" | F3: ="| draft | "&IF(ISBLANK(INDEX('Local Parameter'!$C:$C,MATCH("draft",'Local Parameter'!$A:$A,0))),"",INDEX('Local Parameter'!$C:$C,MATCH("draft",'Local Parameter'!$A:$A,0)))&IF(ISBLANK(INDEX('Local Parameter'!$F:$F,MATCH("draft",'Local Parameter'!$A:$A,0))),20.559,IF(INDEX('Local Parameter'!$F:$F,MATCH("draft",'Local Parameter'!$A:$A,0))="",20.559,INDEX('Local Parameter'!$F:$F,MATCH("draft",'Local Parameter'!$A:$A,0))))&IF(ISBLANK(INDEX('Local Parameter'!$D:$D,MATCH("draft",'Local Parameter'!$A:$A,0)))," m",IF(INDEX('Local Parameter'!$D:$D,MATCH("draft",'Local Parameter'!$A:$A,0))=""," m",INDEX('Local Parameter'!$D:$D,MATCH("draft",'Local Parameter'!$A:$A,0))))&" | 装载工况 |" | G3: ="| mu_deg | "&IF(ISBLANK(INDEX('Local Parameter'!$C:$C,MATCH("mu_deg",'Local Parameter'!$A:$A,0))),"",INDEX('Local Parameter'!$C:$C,MATCH("mu_deg",'Local Parameter'!$A:$A,0)))&IF(ISBLANK(INDEX('Local Parameter'!$F:$F,MATCH("mu_deg",'Local Parameter'!$A:$A,0))),90,IF(INDEX('Local Parameter'!$F:$F,MATCH("mu_deg",'Local Parameter'!$A:$A,0))="",90,INDEX('Local Parameter'!$F:$F,MATCH("mu_deg",'Local Parameter'!$A:$A,0))))&IF(ISBLANK(INDEX('Local Parameter'!$D:$D,MATCH("mu_deg",'Local Parameter'!$A:$A,0)))," deg",IF(INDEX('Local Parameter'!$D:$D,MATCH("mu_deg",'Local Parameter'!$A:$A,0))=""," deg",INDEX('Local Parameter'!$D:$D,MATCH("mu_deg",'Local Parameter'!$A:$A,0))))&" | Table 1A D |" | H3: ="| k_c | "&IF(ISBLANK(INDEX('Local Parameter'!$C:$C,MATCH("k_c",'Local Parameter'!$A:$A,0))),"",INDEX('Local Parameter'!$C:$C,MATCH("k_c",'Local Parameter'!$A:$A,0)))&IF(ISBLANK(INDEX('Local Parameter'!$F:$F,MATCH("k_c",'Local Parameter'!$A:$A,0))),1,IF(INDEX('Local Parameter'!$F:$F,MATCH("k_c",'Local Parameter'!$A:$A,0))="",1,INDEX('Local Parameter'!$F:$F,MATCH("k_c",'Local Parameter'!$A:$A,0))))&IF(ISBLANK(INDEX('Local Parameter'!$D:$D,MATCH("k_c",'Local Parameter'!$A:$A,0))),"",INDEX('Local Parameter'!$D:$D,MATCH("k_c",'Local Parameter'!$A:$A,0)))&" | Table 1A B |" | I3: ="| k_f0 | "&IF(ISBLANK(INDEX('Local Parameter'!$C:$C,MATCH("k_f0",'Local Parameter'!$A:$A,0))),"",INDEX('Local Parameter'!$C:$C,MATCH("k_f0",'Local Parameter'!$A:$A,0)))&IF(ISBLANK(INDEX('Local Parameter'!$F:$F,MATCH("k_f0",'Local Parameter'!$A:$A,0))),1,IF(INDEX('Local Parameter'!$F:$F,MATCH("k_f0",'Local Parameter'!$A:$A,0))="",1,INDEX('Local Parameter'!$F:$F,MATCH("k_f0",'Local Parameter'!$A:$A,0))))&IF(ISBLANK(INDEX('Local Parameter'!$D:$D,MATCH("k_f0",'Local Parameter'!$A:$A,0))),"",INDEX('Local Parameter'!$D:$D,MATCH("k_f0",'Local Parameter'!$A:$A,0)))&" | Table 1A B |" | J3: ="| k_u | "&IF(ISBLANK(INDEX('Local Parameter'!$C:$C,MATCH("k_u",'Local Parameter'!$A:$A,0))),"",INDEX('Local Parameter'!$C:$C,MATCH("k_u",'Local Parameter'!$A:$A,0)))&IF(ISBLANK(INDEX('Local Parameter'!$F:$F,MATCH("k_u",'Local Parameter'!$A:$A,0))),1.1,IF(INDEX('Local Parameter'!$F:$F,MATCH("k_u",'Local Parameter'!$A:$A,0))="",1.1,INDEX('Local Parameter'!$F:$F,MATCH("k_u",'Local Parameter'!$A:$A,0))))&IF(ISBLANK(INDEX('Local Parameter'!$D:$D,MATCH("k_u",'Local Parameter'!$A:$A,0))),"",INDEX('Local Parameter'!$D:$D,MATCH("k_u",'Local Parameter'!$A:$A,0)))&" | 5A-3-2/7, /9 |" | K3: ="| beta_EPS | "&IF(ISBLANK(INDEX('Local Parameter'!$C:$C,MATCH("beta_EPS",'Local Parameter'!$A:$A,0))),"",INDEX('Local Parameter'!$C:$C,MATCH("beta_EPS",'Local Parameter'!$A:$A,0)))&IF(ISBLANK(INDEX('Local Parameter'!$F:$F,MATCH("beta_EPS",'Local Parameter'!$A:$A,0))),0.733,IF(INDEX('Local Parameter'!$F:$F,MATCH("beta_EPS",'Local Parameter'!$A:$A,0))="",0.733,INDEX('Local Parameter'!$F:$F,MATCH("beta_EPS",'Local Parameter'!$A:$A,0))))&IF(ISBLANK(INDEX('Local Parameter'!$D:$D,MATCH("beta_EPS",'Local Parameter'!$A:$A,0))),"",INDEX('Local Parameter'!$D:$D,MATCH("beta_EPS",'Local Parameter'!$A:$A,0)))&" | 5A-3-A1/3 |" | L3: ="| beta_EPP | "&IF(ISBLANK(INDEX('Local Parameter'!$C:$C,MATCH("beta_EPP",'Local Parameter'!$A:$A,0))),"",INDEX('Local Parameter'!$C:$C,MATCH("beta_EPP",'Local Parameter'!$A:$A,0)))&IF(ISBLANK(INDEX('Local Parameter'!$F:$F,MATCH("beta_EPP",'Local Parameter'!$A:$A,0))),0.733,IF(INDEX('Local Parameter'!$F:$F,MATCH("beta_EPP",'Local Parameter'!$A:$A,0))="",0.733,INDEX('Local Parameter'!$F:$F,MATCH("beta_EPP",'Local Parameter'!$A:$A,0))))&IF(ISBLANK(INDEX('Local Parameter'!$D:$D,MATCH("beta_EPP",'Local Parameter'!$A:$A,0))),"",INDEX('Local Parameter'!$D:$D,MATCH("beta_EPP",'Local Parameter'!$A:$A,0)))&" | 5A-3-A1/3 |" | M3: ="| k_esf | "&IF(ISBLANK(INDEX('Local Parameter'!$C:$C,MATCH("k_esf",'Local Parameter'!$A:$A,0))),"",INDEX('Local Parameter'!$C:$C,MATCH("k_esf",'Local Parameter'!$A:$A,0)))&IF(ISBLANK(INDEX('Local Parameter'!$F:$F,MATCH("k_esf",'Local Parameter'!$A:$A,0))),1.1,IF(INDEX('Local Parameter'!$F:$F,MATCH("k_esf",'Local Parameter'!$A:$A,0))="",1.1,INDEX('Local Parameter'!$F:$F,MATCH("k_esf",'Local Parameter'!$A:$A,0))))&IF(ISBLANK(INDEX('Local Parameter'!$D:$D,MATCH("k_esf",'Local Parameter'!$A:$A,0))),"",INDEX('Local Parameter'!$D:$D,MATCH("k_esf",'Local Parameter'!$A:$A,0)))&" | 项目 |" | N3: ="| x_o | "&IF(ISBLANK(INDEX('Local Parameter'!$C:$C,MATCH("x_o",'Local Parameter'!$A:$A,0))),"",INDEX('Local Parameter'!$C:$C,MATCH("x_o",'Local Parameter'!$A:$A,0)))&IF(ISBLANK(INDEX('Local Parameter'!$F:$F,MATCH("x_o",'Local Parameter'!$A:$A,0))),51,IF(INDEX('Local Parameter'!$F:$F,MATCH("x_o",'Local Parameter'!$A:$A,0))="",51,INDEX('Local Parameter'!$F:$F,MATCH("x_o",'Local Parameter'!$A:$A,0))))&IF(ISBLANK(INDEX('Local Parameter'!$D:$D,MATCH("x_o",'Local Parameter'!$A:$A,0)))," m",IF(INDEX('Local Parameter'!$D:$D,MATCH("x_o",'Local Parameter'!$A:$A,0))=""," m",INDEX('Local Parameter'!$D:$D,MATCH("x_o",'Local Parameter'!$A:$A,0))))&" | Fig. 9 脚注 |" | O3: ="| L | "&IF(ISBLANK(INDEX('Global Parameter'!$D:$D,MATCH("L",'Global Parameter'!$A:$A,0))),"",INDEX('Global Parameter'!$D:$D,MATCH("L",'Global Parameter'!$A:$A,0)))&IF(ISBLANK(INDEX('Global Parameter'!$B:$B,MATCH("L",'Global Parameter'!$A:$A,0))),340,IF(INDEX('Global Parameter'!$B:$B,MATCH("L",'Global Parameter'!$A:$A,0))="",340,INDEX('Global Parameter'!$B:$B,MATCH("L",'Global Parameter'!$A:$A,0))))&IF(ISBLANK(INDEX('Global Parameter'!$E:$E,MATCH("L",'Global Parameter'!$A:$A,0)))," m",IF(INDEX('Global Parameter'!$E:$E,MATCH("L",'Global Parameter'!$A:$A,0))=""," m",INDEX('Global Parameter'!$E:$E,MATCH("L",'Global Parameter'!$A:$A,0))))&" | 3-1-1/3 |" | P3: ="| B | "&IF(ISBLANK(INDEX('Global Parameter'!$D:$D,MATCH("B",'Global Parameter'!$A:$A,0))),"",INDEX('Global Parameter'!$D:$D,MATCH("B",'Global Parameter'!$A:$A,0)))&IF(ISBLANK(INDEX('Global Parameter'!$B:$B,MATCH("B",'Global Parameter'!$A:$A,0))),64,IF(INDEX('Global Parameter'!$B:$B,MATCH("B",'Global Parameter'!$A:$A,0))="",64,INDEX('Global Parameter'!$B:$B,MATCH("B",'Global Parameter'!$A:$A,0))))&IF(ISBLANK(INDEX('Global Parameter'!$E:$E,MATCH("B",'Global Parameter'!$A:$A,0)))," m",IF(INDEX('Global Parameter'!$E:$E,MATCH("B",'Global Parameter'!$A:$A,0))=""," m",INDEX('Global Parameter'!$E:$E,MATCH("B",'Global Parameter'!$A:$A,0))))&" | 3-1-1/3 |" | Q3: ="| D | "&IF(ISBLANK(INDEX('Global Parameter'!$D:$D,MATCH("D",'Global Parameter'!$A:$A,0))),"",INDEX('Global Parameter'!$D:$D,MATCH("D",'Global Parameter'!$A:$A,0)))&IF(ISBLANK(INDEX('Global Parameter'!$B:$B,MATCH("D",'Global Parameter'!$A:$A,0))),32,IF(INDEX('Global Parameter'!$B:$B,MATCH("D",'Global Parameter'!$A:$A,0))="",32,INDEX('Global Parameter'!$B:$B,MATCH("D",'Global Parameter'!$A:$A,0))))&IF(ISBLANK(INDEX('Global Parameter'!$E:$E,MATCH("D",'Global Parameter'!$A:$A,0)))," m",IF(INDEX('Global Parameter'!$E:$E,MATCH("D",'Global Parameter'!$A:$A,0))=""," m",INDEX('Global Parameter'!$E:$E,MATCH("D",'Global Parameter'!$A:$A,0))))&" | 3-1-1/3 |" | R3: ="| r_b | "&IF(ISBLANK(INDEX('Global Parameter'!$D:$D,MATCH("r_b",'Global Parameter'!$A:$A,0))),"",INDEX('Global Parameter'!$D:$D,MATCH("r_b",'Global Parameter'!$A:$A,0)))&IF(ISBLANK(INDEX('Global Parameter'!$B:$B,MATCH("r_b",'Global Parameter'!$A:$A,0))),0.703,IF(INDEX('Global Parameter'!$B:$B,MATCH("r_b",'Global Parameter'!$A:$A,0))="",0.703,INDEX('Global Parameter'!$B:$B,MATCH("r_b",'Global Parameter'!$A:$A,0))))&IF(ISBLANK(INDEX('Global Parameter'!$E:$E,MATCH("r_b",'Global Parameter'!$A:$A,0)))," m",IF(INDEX('Global Parameter'!$E:$E,MATCH("r_b",'Global Parameter'!$A:$A,0))=""," m",INDEX('Global Parameter'!$E:$E,MATCH("r_b",'Global Parameter'!$A:$A,0))))&" | Fig. 11 |" | S3: ="| freeboard | "&IF(ISBLANK(INDEX('Global Parameter'!$D:$D,MATCH("freeboard",'Global Parameter'!$A:$A,0))),"",INDEX('Global Parameter'!$D:$D,MATCH("freeboard",'Global Parameter'!$A:$A,0)))&IF(ISBLANK(INDEX('Global Parameter'!$B:$B,MATCH("freeboard",'Global Parameter'!$A:$A,0))),0.5,IF(INDEX('Global Parameter'!$B:$B,MATCH("freeboard",'Global Parameter'!$A:$A,0))="",0.5,INDEX('Global Parameter'!$B:$B,MATCH("freeboard",'Global Parameter'!$A:$A,0))))&IF(ISBLANK(INDEX('Global Parameter'!$E:$E,MATCH("freeboard",'Global Parameter'!$A:$A,0)))," m",IF(INDEX('Global Parameter'!$E:$E,MATCH("freeboard",'Global Parameter'!$A:$A,0))=""," m",INDEX('Global Parameter'!$E:$E,MATCH("freeboard",'Global Parameter'!$A:$A,0))))&" | Fig. 10 |" | T3: ="| rho_sea | "&IF(ISBLANK(INDEX('Global Parameter'!$D:$D,MATCH("rho_sea",'Global Parameter'!$A:$A,0))),"",INDEX('Global Parameter'!$D:$D,MATCH("rho_sea",'Global Parameter'!$A:$A,0)))&IF(ISBLANK(INDEX('Global Parameter'!$B:$B,MATCH("rho_sea",'Global Parameter'!$A:$A,0))),1025,IF(INDEX('Global Parameter'!$B:$B,MATCH("rho_sea",'Global Parameter'!$A:$A,0))="",1025,INDEX('Global Parameter'!$B:$B,MATCH("rho_sea",'Global Parameter'!$A:$A,0))))&IF(ISBLANK(INDEX('Global Parameter'!$E:$E,MATCH("rho_sea",'Global Parameter'!$A:$A,0)))," kg/m^3",IF(INDEX('Global Parameter'!$E:$E,MATCH("rho_sea",'Global Parameter'!$A:$A,0))=""," kg/m^3",INDEX('Global Parameter'!$E:$E,MATCH("rho_sea",'Global Parameter'!$A:$A,0))))&" | 5.5.1 |" | U3: ="| g | "&IF(ISBLANK(INDEX('Global Parameter'!$D:$D,MATCH("g",'Global Parameter'!$A:$A,0))),"",INDEX('Global Parameter'!$D:$D,MATCH("g",'Global Parameter'!$A:$A,0)))&IF(ISBLANK(INDEX('Global Parameter'!$B:$B,MATCH("g",'Global Parameter'!$A:$A,0))),9.81,IF(INDEX('Global Parameter'!$B:$B,MATCH("g",'Global Parameter'!$A:$A,0))="",9.81,INDEX('Global Parameter'!$B:$B,MATCH("g",'Global Parameter'!$A:$A,0))))&IF(ISBLANK(INDEX('Global Parameter'!$E:$E,MATCH("g",'Global Parameter'!$A:$A,0)))," m/s^2",IF(INDEX('Global Parameter'!$E:$E,MATCH("g",'Global Parameter'!$A:$A,0))=""," m/s^2",INDEX('Global Parameter'!$E:$E,MATCH("g",'Global Parameter'!$A:$A,0))))&" | 5.5.1 |" | V3: ="| Cb | "&IF(ISBLANK(INDEX('Global Parameter'!$D:$D,MATCH("Cb",'Global Parameter'!$A:$A,0))),"",INDEX('Global Parameter'!$D:$D,MATCH("Cb",'Global Parameter'!$A:$A,0)))&IF(ISBLANK(INDEX('Global Parameter'!$B:$B,MATCH("Cb",'Global Parameter'!$A:$A,0))),1,IF(INDEX('Global Parameter'!$B:$B,MATCH("Cb",'Global Parameter'!$A:$A,0))="",1,INDEX('Global Parameter'!$B:$B,MATCH("Cb",'Global Parameter'!$A:$A,0))))&IF(ISBLANK(INDEX('Global Parameter'!$E:$E,MATCH("Cb",'Global Parameter'!$A:$A,0))),"",INDEX('Global Parameter'!$E:$E,MATCH("Cb",'Global Parameter'!$A:$A,0)))&" | 3-1-1/13.3 |" | W3: ="| axis ax | ("&IF(ISBLANK(INDEX('Global Parameter'!$D:$D,MATCH("ax_x",'Global Parameter'!$A:$A,0))),"",INDEX('Global Parameter'!$D:$D,MATCH("ax_x",'Global Parameter'!$A:$A,0)))&IF(ISBLANK(INDEX('Global Parameter'!$B:$B,MATCH("ax_x",'Global Parameter'!$A:$A,0))),"1",IF(INDEX('Global Parameter'!$B:$B,MATCH("ax_x",'Global Parameter'!$A:$A,0))="","1",INDEX('Global Parameter'!$B:$B,MATCH("ax_x",'Global Parameter'!$A:$A,0))))&IF(ISBLANK(INDEX('Global Parameter'!$E:$E,MATCH("ax_x",'Global Parameter'!$A:$A,0))),"",INDEX('Global Parameter'!$E:$E,MATCH("ax_x",'Global Parameter'!$A:$A,0)))&", "&IF(ISBLANK(INDEX('Global Parameter'!$D:$D,MATCH("ax_y",'Global Parameter'!$A:$A,0))),"",INDEX('Global Parameter'!$D:$D,MATCH("ax_y",'Global Parameter'!$A:$A,0)))&IF(ISBLANK(INDEX('Global Parameter'!$B:$B,MATCH("ax_y",'Global Parameter'!$A:$A,0))),"2",IF(INDEX('Global Parameter'!$B:$B,MATCH("ax_y",'Global Parameter'!$A:$A,0))="","2",INDEX('Global Parameter'!$B:$B,MATCH("ax_y",'Global Parameter'!$A:$A,0))))&IF(ISBLANK(INDEX('Global Parameter'!$E:$E,MATCH("ax_y",'Global Parameter'!$A:$A,0))),"",INDEX('Global Parameter'!$E:$E,MATCH("ax_y",'Global Parameter'!$A:$A,0)))&", "&IF(ISBLANK(INDEX('Global Parameter'!$D:$D,MATCH("ax_z",'Global Parameter'!$A:$A,0))),"",INDEX('Global Parameter'!$D:$D,MATCH("ax_z",'Global Parameter'!$A:$A,0)))&IF(ISBLANK(INDEX('Global Parameter'!$B:$B,MATCH("ax_z",'Global Parameter'!$A:$A,0))),"3",IF(INDEX('Global Parameter'!$B:$B,MATCH("ax_z",'Global Parameter'!$A:$A,0))="","3",INDEX('Global Parameter'!$B:$B,MATCH("ax_z",'Global Parameter'!$A:$A,0))))&IF(ISBLANK(INDEX('Global Parameter'!$E:$E,MATCH("ax_z",'Global Parameter'!$A:$A,0))),"",INDEX('Global Parameter'!$E:$E,MATCH("ax_z",'Global Parameter'!$A:$A,0)))&") | 模型 |" | X3: ="| axis neg | ("&IF(ISBLANK(INDEX('Global Parameter'!$D:$D,MATCH("neg_x",'Global Parameter'!$A:$A,0))),"",INDEX('Global Parameter'!$D:$D,MATCH("neg_x",'Global Parameter'!$A:$A,0)))&IF(ISBLANK(INDEX('Global Parameter'!$B:$B,MATCH("neg_x",'Global Parameter'!$A:$A,0))),"",INDEX('Global Parameter'!$B:$B,MATCH("neg_x",'Global Parameter'!$A:$A,0)))&IF(ISBLANK(INDEX('Global Parameter'!$E:$E,MATCH("neg_x",'Global Parameter'!$A:$A,0))),"",INDEX('Global Parameter'!$E:$E,MATCH("neg_x",'Global Parameter'!$A:$A,0)))&" / "&IF(ISBLANK(INDEX('Global Parameter'!$D:$D,MATCH("neg_y",'Global Parameter'!$A:$A,0))),"",INDEX('Global Parameter'!$D:$D,MATCH("neg_y",'Global Parameter'!$A:$A,0)))&IF(ISBLANK(INDEX('Global Parameter'!$B:$B,MATCH("neg_y",'Global Parameter'!$A:$A,0))),"",INDEX('Global Parameter'!$B:$B,MATCH("neg_y",'Global Parameter'!$A:$A,0)))&IF(ISBLANK(INDEX('Global Parameter'!$E:$E,MATCH("neg_y",'Global Parameter'!$A:$A,0))),"",INDEX('Global Parameter'!$E:$E,MATCH("neg_y",'Global Parameter'!$A:$A,0)))&" / "&IF(ISBLANK(INDEX('Global Parameter'!$D:$D,MATCH("neg_z",'Global Parameter'!$A:$A,0))),"",INDEX('Global Parameter'!$D:$D,MATCH("neg_z",'Global Parameter'!$A:$A,0)))&IF(ISBLANK(INDEX('Global Parameter'!$B:$B,MATCH("neg_z",'Global Parameter'!$A:$A,0))),"",INDEX('Global Parameter'!$B:$B,MATCH("neg_z",'Global Parameter'!$A:$A,0)))&IF(ISBLANK(INDEX('Global Parameter'!$E:$E,MATCH("neg_z",'Global Parameter'!$A:$A,0))),"",INDEX('Global Parameter'!$E:$E,MATCH("neg_z",'Global Parameter'!$A:$A,0)))&") | 模型 |"
A4: EXT-T15-mu90-kf+1 | B4: ="| 项目 | 值 | 出处 |" | C4: ="| --- | --- | --- |" | D4: ="| case_name | "&'Local Parameter'!$G$1&" | 工况名（Excel 表头） |" | E4: ="| kind | "&IF(ISBLANK(INDEX('Local Parameter'!$C:$C,MATCH("kind",'Local Parameter'!$A:$A,0))),"",INDEX('Local Parameter'!$C:$C,MATCH("kind",'Local Parameter'!$A:$A,0)))&IF(ISBLANK(INDEX('Local Parameter'!$G:$G,MATCH("kind",'Local Parameter'!$A:$A,0))),"EXT",IF(INDEX('Local Parameter'!$G:$G,MATCH("kind",'Local Parameter'!$A:$A,0))="","EXT",INDEX('Local Parameter'!$G:$G,MATCH("kind",'Local Parameter'!$A:$A,0))))&IF(ISBLANK(INDEX('Local Parameter'!$D:$D,MATCH("kind",'Local Parameter'!$A:$A,0))),"",INDEX('Local Parameter'!$D:$D,MATCH("kind",'Local Parameter'!$A:$A,0)))&" | 规则集（多规则集共用一本工作簿时用 case_filter 分流） |" | F4: ="| draft | "&IF(ISBLANK(INDEX('Local Parameter'!$C:$C,MATCH("draft",'Local Parameter'!$A:$A,0))),"",INDEX('Local Parameter'!$C:$C,MATCH("draft",'Local Parameter'!$A:$A,0)))&IF(ISBLANK(INDEX('Local Parameter'!$G:$G,MATCH("draft",'Local Parameter'!$A:$A,0))),20.559,IF(INDEX('Local Parameter'!$G:$G,MATCH("draft",'Local Parameter'!$A:$A,0))="",20.559,INDEX('Local Parameter'!$G:$G,MATCH("draft",'Local Parameter'!$A:$A,0))))&IF(ISBLANK(INDEX('Local Parameter'!$D:$D,MATCH("draft",'Local Parameter'!$A:$A,0)))," m",IF(INDEX('Local Parameter'!$D:$D,MATCH("draft",'Local Parameter'!$A:$A,0))=""," m",INDEX('Local Parameter'!$D:$D,MATCH("draft",'Local Parameter'!$A:$A,0))))&" | 装载工况 |" | G4: ="| mu_deg | "&IF(ISBLANK(INDEX('Local Parameter'!$C:$C,MATCH("mu_deg",'Local Parameter'!$A:$A,0))),"",INDEX('Local Parameter'!$C:$C,MATCH("mu_deg",'Local Parameter'!$A:$A,0)))&IF(ISBLANK(INDEX('Local Parameter'!$G:$G,MATCH("mu_deg",'Local Parameter'!$A:$A,0))),90,IF(INDEX('Local Parameter'!$G:$G,MATCH("mu_deg",'Local Parameter'!$A:$A,0))="",90,INDEX('Local Parameter'!$G:$G,MATCH("mu_deg",'Local Parameter'!$A:$A,0))))&IF(ISBLANK(INDEX('Local Parameter'!$D:$D,MATCH("mu_deg",'Local Parameter'!$A:$A,0)))," deg",IF(INDEX('Local Parameter'!$D:$D,MATCH("mu_deg",'Local Parameter'!$A:$A,0))=""," deg",INDEX('Local Parameter'!$D:$D,MATCH("mu_deg",'Local Parameter'!$A:$A,0))))&" | Table 1A D |" | H4: ="| k_c | "&IF(ISBLANK(INDEX('Local Parameter'!$C:$C,MATCH("k_c",'Local Parameter'!$A:$A,0))),"",INDEX('Local Parameter'!$C:$C,MATCH("k_c",'Local Parameter'!$A:$A,0)))&IF(ISBLANK(INDEX('Local Parameter'!$G:$G,MATCH("k_c",'Local Parameter'!$A:$A,0))),1,IF(INDEX('Local Parameter'!$G:$G,MATCH("k_c",'Local Parameter'!$A:$A,0))="",1,INDEX('Local Parameter'!$G:$G,MATCH("k_c",'Local Parameter'!$A:$A,0))))&IF(ISBLANK(INDEX('Local Parameter'!$D:$D,MATCH("k_c",'Local Parameter'!$A:$A,0))),"",INDEX('Local Parameter'!$D:$D,MATCH("k_c",'Local Parameter'!$A:$A,0)))&" | Table 1A B |" | I4: ="| k_f0 | "&IF(ISBLANK(INDEX('Local Parameter'!$C:$C,MATCH("k_f0",'Local Parameter'!$A:$A,0))),"",INDEX('Local Parameter'!$C:$C,MATCH("k_f0",'Local Parameter'!$A:$A,0)))&IF(ISBLANK(INDEX('Local Parameter'!$G:$G,MATCH("k_f0",'Local Parameter'!$A:$A,0))),1,IF(INDEX('Local Parameter'!$G:$G,MATCH("k_f0",'Local Parameter'!$A:$A,0))="",1,INDEX('Local Parameter'!$G:$G,MATCH("k_f0",'Local Parameter'!$A:$A,0))))&IF(ISBLANK(INDEX('Local Parameter'!$D:$D,MATCH("k_f0",'Local Parameter'!$A:$A,0))),"",INDEX('Local Parameter'!$D:$D,MATCH("k_f0",'Local Parameter'!$A:$A,0)))&" | Table 1A B |" | J4: ="| k_u | "&IF(ISBLANK(INDEX('Local Parameter'!$C:$C,MATCH("k_u",'Local Parameter'!$A:$A,0))),"",INDEX('Local Parameter'!$C:$C,MATCH("k_u",'Local Parameter'!$A:$A,0)))&IF(ISBLANK(INDEX('Local Parameter'!$G:$G,MATCH("k_u",'Local Parameter'!$A:$A,0))),1.1,IF(INDEX('Local Parameter'!$G:$G,MATCH("k_u",'Local Parameter'!$A:$A,0))="",1.1,INDEX('Local Parameter'!$G:$G,MATCH("k_u",'Local Parameter'!$A:$A,0))))&IF(ISBLANK(INDEX('Local Parameter'!$D:$D,MATCH("k_u",'Local Parameter'!$A:$A,0))),"",INDEX('Local Parameter'!$D:$D,MATCH("k_u",'Local Parameter'!$A:$A,0)))&" | 5A-3-2/7, /9 |" | K4: ="| beta_EPS | "&IF(ISBLANK(INDEX('Local Parameter'!$C:$C,MATCH("beta_EPS",'Local Parameter'!$A:$A,0))),"",INDEX('Local Parameter'!$C:$C,MATCH("beta_EPS",'Local Parameter'!$A:$A,0)))&IF(ISBLANK(INDEX('Local Parameter'!$G:$G,MATCH("beta_EPS",'Local Parameter'!$A:$A,0))),0.733,IF(INDEX('Local Parameter'!$G:$G,MATCH("beta_EPS",'Local Parameter'!$A:$A,0))="",0.733,INDEX('Local Parameter'!$G:$G,MATCH("beta_EPS",'Local Parameter'!$A:$A,0))))&IF(ISBLANK(INDEX('Local Parameter'!$D:$D,MATCH("beta_EPS",'Local Parameter'!$A:$A,0))),"",INDEX('Local Parameter'!$D:$D,MATCH("beta_EPS",'Local Parameter'!$A:$A,0)))&" | 5A-3-A1/3 |" | L4: ="| beta_EPP | "&IF(ISBLANK(INDEX('Local Parameter'!$C:$C,MATCH("beta_EPP",'Local Parameter'!$A:$A,0))),"",INDEX('Local Parameter'!$C:$C,MATCH("beta_EPP",'Local Parameter'!$A:$A,0)))&IF(ISBLANK(INDEX('Local Parameter'!$G:$G,MATCH("beta_EPP",'Local Parameter'!$A:$A,0))),0.733,IF(INDEX('Local Parameter'!$G:$G,MATCH("beta_EPP",'Local Parameter'!$A:$A,0))="",0.733,INDEX('Local Parameter'!$G:$G,MATCH("beta_EPP",'Local Parameter'!$A:$A,0))))&IF(ISBLANK(INDEX('Local Parameter'!$D:$D,MATCH("beta_EPP",'Local Parameter'!$A:$A,0))),"",INDEX('Local Parameter'!$D:$D,MATCH("beta_EPP",'Local Parameter'!$A:$A,0)))&" | 5A-3-A1/3 |" | M4: ="| k_esf | "&IF(ISBLANK(INDEX('Local Parameter'!$C:$C,MATCH("k_esf",'Local Parameter'!$A:$A,0))),"",INDEX('Local Parameter'!$C:$C,MATCH("k_esf",'Local Parameter'!$A:$A,0)))&IF(ISBLANK(INDEX('Local Parameter'!$G:$G,MATCH("k_esf",'Local Parameter'!$A:$A,0))),1.1,IF(INDEX('Local Parameter'!$G:$G,MATCH("k_esf",'Local Parameter'!$A:$A,0))="",1.1,INDEX('Local Parameter'!$G:$G,MATCH("k_esf",'Local Parameter'!$A:$A,0))))&IF(ISBLANK(INDEX('Local Parameter'!$D:$D,MATCH("k_esf",'Local Parameter'!$A:$A,0))),"",INDEX('Local Parameter'!$D:$D,MATCH("k_esf",'Local Parameter'!$A:$A,0)))&" | 项目 |" | N4: ="| x_o | "&IF(ISBLANK(INDEX('Local Parameter'!$C:$C,MATCH("x_o",'Local Parameter'!$A:$A,0))),"",INDEX('Local Parameter'!$C:$C,MATCH("x_o",'Local Parameter'!$A:$A,0)))&IF(ISBLANK(INDEX('Local Parameter'!$G:$G,MATCH("x_o",'Local Parameter'!$A:$A,0))),51,IF(INDEX('Local Parameter'!$G:$G,MATCH("x_o",'Local Parameter'!$A:$A,0))="",51,INDEX('Local Parameter'!$G:$G,MATCH("x_o",'Local Parameter'!$A:$A,0))))&IF(ISBLANK(INDEX('Local Parameter'!$D:$D,MATCH("x_o",'Local Parameter'!$A:$A,0)))," m",IF(INDEX('Local Parameter'!$D:$D,MATCH("x_o",'Local Parameter'!$A:$A,0))=""," m",INDEX('Local Parameter'!$D:$D,MATCH("x_o",'Local Parameter'!$A:$A,0))))&" | Fig. 9 脚注 |" | O4: ="| L | "&IF(ISBLANK(INDEX('Global Parameter'!$D:$D,MATCH("L",'Global Parameter'!$A:$A,0))),"",INDEX('Global Parameter'!$D:$D,MATCH("L",'Global Parameter'!$A:$A,0)))&IF(ISBLANK(INDEX('Global Parameter'!$B:$B,MATCH("L",'Global Parameter'!$A:$A,0))),340,IF(INDEX('Global Parameter'!$B:$B,MATCH("L",'Global Parameter'!$A:$A,0))="",340,INDEX('Global Parameter'!$B:$B,MATCH("L",'Global Parameter'!$A:$A,0))))&IF(ISBLANK(INDEX('Global Parameter'!$E:$E,MATCH("L",'Global Parameter'!$A:$A,0)))," m",IF(INDEX('Global Parameter'!$E:$E,MATCH("L",'Global Parameter'!$A:$A,0))=""," m",INDEX('Global Parameter'!$E:$E,MATCH("L",'Global Parameter'!$A:$A,0))))&" | 3-1-1/3 |" | P4: ="| B | "&IF(ISBLANK(INDEX('Global Parameter'!$D:$D,MATCH("B",'Global Parameter'!$A:$A,0))),"",INDEX('Global Parameter'!$D:$D,MATCH("B",'Global Parameter'!$A:$A,0)))&IF(ISBLANK(INDEX('Global Parameter'!$B:$B,MATCH("B",'Global Parameter'!$A:$A,0))),64,IF(INDEX('Global Parameter'!$B:$B,MATCH("B",'Global Parameter'!$A:$A,0))="",64,INDEX('Global Parameter'!$B:$B,MATCH("B",'Global Parameter'!$A:$A,0))))&IF(ISBLANK(INDEX('Global Parameter'!$E:$E,MATCH("B",'Global Parameter'!$A:$A,0)))," m",IF(INDEX('Global Parameter'!$E:$E,MATCH("B",'Global Parameter'!$A:$A,0))=""," m",INDEX('Global Parameter'!$E:$E,MATCH("B",'Global Parameter'!$A:$A,0))))&" | 3-1-1/3 |" | Q4: ="| D | "&IF(ISBLANK(INDEX('Global Parameter'!$D:$D,MATCH("D",'Global Parameter'!$A:$A,0))),"",INDEX('Global Parameter'!$D:$D,MATCH("D",'Global Parameter'!$A:$A,0)))&IF(ISBLANK(INDEX('Global Parameter'!$B:$B,MATCH("D",'Global Parameter'!$A:$A,0))),32,IF(INDEX('Global Parameter'!$B:$B,MATCH("D",'Global Parameter'!$A:$A,0))="",32,INDEX('Global Parameter'!$B:$B,MATCH("D",'Global Parameter'!$A:$A,0))))&IF(ISBLANK(INDEX('Global Parameter'!$E:$E,MATCH("D",'Global Parameter'!$A:$A,0)))," m",IF(INDEX('Global Parameter'!$E:$E,MATCH("D",'Global Parameter'!$A:$A,0))=""," m",INDEX('Global Parameter'!$E:$E,MATCH("D",'Global Parameter'!$A:$A,0))))&" | 3-1-1/3 |" | R4: ="| r_b | "&IF(ISBLANK(INDEX('Global Parameter'!$D:$D,MATCH("r_b",'Global Parameter'!$A:$A,0))),"",INDEX('Global Parameter'!$D:$D,MATCH("r_b",'Global Parameter'!$A:$A,0)))&IF(ISBLANK(INDEX('Global Parameter'!$B:$B,MATCH("r_b",'Global Parameter'!$A:$A,0))),0.703,IF(INDEX('Global Parameter'!$B:$B,MATCH("r_b",'Global Parameter'!$A:$A,0))="",0.703,INDEX('Global Parameter'!$B:$B,MATCH("r_b",'Global Parameter'!$A:$A,0))))&IF(ISBLANK(INDEX('Global Parameter'!$E:$E,MATCH("r_b",'Global Parameter'!$A:$A,0)))," m",IF(INDEX('Global Parameter'!$E:$E,MATCH("r_b",'Global Parameter'!$A:$A,0))=""," m",INDEX('Global Parameter'!$E:$E,MATCH("r_b",'Global Parameter'!$A:$A,0))))&" | Fig. 11 |" | S4: ="| freeboard | "&IF(ISBLANK(INDEX('Global Parameter'!$D:$D,MATCH("freeboard",'Global Parameter'!$A:$A,0))),"",INDEX('Global Parameter'!$D:$D,MATCH("freeboard",'Global Parameter'!$A:$A,0)))&IF(ISBLANK(INDEX('Global Parameter'!$B:$B,MATCH("freeboard",'Global Parameter'!$A:$A,0))),0.5,IF(INDEX('Global Parameter'!$B:$B,MATCH("freeboard",'Global Parameter'!$A:$A,0))="",0.5,INDEX('Global Parameter'!$B:$B,MATCH("freeboard",'Global Parameter'!$A:$A,0))))&IF(ISBLANK(INDEX('Global Parameter'!$E:$E,MATCH("freeboard",'Global Parameter'!$A:$A,0)))," m",IF(INDEX('Global Parameter'!$E:$E,MATCH("freeboard",'Global Parameter'!$A:$A,0))=""," m",INDEX('Global Parameter'!$E:$E,MATCH("freeboard",'Global Parameter'!$A:$A,0))))&" | Fig. 10 |" | T4: ="| rho_sea | "&IF(ISBLANK(INDEX('Global Parameter'!$D:$D,MATCH("rho_sea",'Global Parameter'!$A:$A,0))),"",INDEX('Global Parameter'!$D:$D,MATCH("rho_sea",'Global Parameter'!$A:$A,0)))&IF(ISBLANK(INDEX('Global Parameter'!$B:$B,MATCH("rho_sea",'Global Parameter'!$A:$A,0))),1025,IF(INDEX('Global Parameter'!$B:$B,MATCH("rho_sea",'Global Parameter'!$A:$A,0))="",1025,INDEX('Global Parameter'!$B:$B,MATCH("rho_sea",'Global Parameter'!$A:$A,0))))&IF(ISBLANK(INDEX('Global Parameter'!$E:$E,MATCH("rho_sea",'Global Parameter'!$A:$A,0)))," kg/m^3",IF(INDEX('Global Parameter'!$E:$E,MATCH("rho_sea",'Global Parameter'!$A:$A,0))=""," kg/m^3",INDEX('Global Parameter'!$E:$E,MATCH("rho_sea",'Global Parameter'!$A:$A,0))))&" | 5.5.1 |" | U4: ="| g | "&IF(ISBLANK(INDEX('Global Parameter'!$D:$D,MATCH("g",'Global Parameter'!$A:$A,0))),"",INDEX('Global Parameter'!$D:$D,MATCH("g",'Global Parameter'!$A:$A,0)))&IF(ISBLANK(INDEX('Global Parameter'!$B:$B,MATCH("g",'Global Parameter'!$A:$A,0))),9.81,IF(INDEX('Global Parameter'!$B:$B,MATCH("g",'Global Parameter'!$A:$A,0))="",9.81,INDEX('Global Parameter'!$B:$B,MATCH("g",'Global Parameter'!$A:$A,0))))&IF(ISBLANK(INDEX('Global Parameter'!$E:$E,MATCH("g",'Global Parameter'!$A:$A,0)))," m/s^2",IF(INDEX('Global Parameter'!$E:$E,MATCH("g",'Global Parameter'!$A:$A,0))=""," m/s^2",INDEX('Global Parameter'!$E:$E,MATCH("g",'Global Parameter'!$A:$A,0))))&" | 5.5.1 |" | V4: ="| Cb | "&IF(ISBLANK(INDEX('Global Parameter'!$D:$D,MATCH("Cb",'Global Parameter'!$A:$A,0))),"",INDEX('Global Parameter'!$D:$D,MATCH("Cb",'Global Parameter'!$A:$A,0)))&IF(ISBLANK(INDEX('Global Parameter'!$B:$B,MATCH("Cb",'Global Parameter'!$A:$A,0))),1,IF(INDEX('Global Parameter'!$B:$B,MATCH("Cb",'Global Parameter'!$A:$A,0))="",1,INDEX('Global Parameter'!$B:$B,MATCH("Cb",'Global Parameter'!$A:$A,0))))&IF(ISBLANK(INDEX('Global Parameter'!$E:$E,MATCH("Cb",'Global Parameter'!$A:$A,0))),"",INDEX('Global Parameter'!$E:$E,MATCH("Cb",'Global Parameter'!$A:$A,0)))&" | 3-1-1/13.3 |" | W4: ="| axis ax | ("&IF(ISBLANK(INDEX('Global Parameter'!$D:$D,MATCH("ax_x",'Global Parameter'!$A:$A,0))),"",INDEX('Global Parameter'!$D:$D,MATCH("ax_x",'Global Parameter'!$A:$A,0)))&IF(ISBLANK(INDEX('Global Parameter'!$B:$B,MATCH("ax_x",'Global Parameter'!$A:$A,0))),"1",IF(INDEX('Global Parameter'!$B:$B,MATCH("ax_x",'Global Parameter'!$A:$A,0))="","1",INDEX('Global Parameter'!$B:$B,MATCH("ax_x",'Global Parameter'!$A:$A,0))))&IF(ISBLANK(INDEX('Global Parameter'!$E:$E,MATCH("ax_x",'Global Parameter'!$A:$A,0))),"",INDEX('Global Parameter'!$E:$E,MATCH("ax_x",'Global Parameter'!$A:$A,0)))&", "&IF(ISBLANK(INDEX('Global Parameter'!$D:$D,MATCH("ax_y",'Global Parameter'!$A:$A,0))),"",INDEX('Global Parameter'!$D:$D,MATCH("ax_y",'Global Parameter'!$A:$A,0)))&IF(ISBLANK(INDEX('Global Parameter'!$B:$B,MATCH("ax_y",'Global Parameter'!$A:$A,0))),"2",IF(INDEX('Global Parameter'!$B:$B,MATCH("ax_y",'Global Parameter'!$A:$A,0))="","2",INDEX('Global Parameter'!$B:$B,MATCH("ax_y",'Global Parameter'!$A:$A,0))))&IF(ISBLANK(INDEX('Global Parameter'!$E:$E,MATCH("ax_y",'Global Parameter'!$A:$A,0))),"",INDEX('Global Parameter'!$E:$E,MATCH("ax_y",'Global Parameter'!$A:$A,0)))&", "&IF(ISBLANK(INDEX('Global Parameter'!$D:$D,MATCH("ax_z",'Global Parameter'!$A:$A,0))),"",INDEX('Global Parameter'!$D:$D,MATCH("ax_z",'Global Parameter'!$A:$A,0)))&IF(ISBLANK(INDEX('Global Parameter'!$B:$B,MATCH("ax_z",'Global Parameter'!$A:$A,0))),"3",IF(INDEX('Global Parameter'!$B:$B,MATCH("ax_z",'Global Parameter'!$A:$A,0))="","3",INDEX('Global Parameter'!$B:$B,MATCH("ax_z",'Global Parameter'!$A:$A,0))))&IF(ISBLANK(INDEX('Global Parameter'!$E:$E,MATCH("ax_z",'Global Parameter'!$A:$A,0))),"",INDEX('Global Parameter'!$E:$E,MATCH("ax_z",'Global Parameter'!$A:$A,0)))&") | 模型 |" | X4: ="| axis neg | ("&IF(ISBLANK(INDEX('Global Parameter'!$D:$D,MATCH("neg_x",'Global Parameter'!$A:$A,0))),"",INDEX('Global Parameter'!$D:$D,MATCH("neg_x",'Global Parameter'!$A:$A,0)))&IF(ISBLANK(INDEX('Global Parameter'!$B:$B,MATCH("neg_x",'Global Parameter'!$A:$A,0))),"",INDEX('Global Parameter'!$B:$B,MATCH("neg_x",'Global Parameter'!$A:$A,0)))&IF(ISBLANK(INDEX('Global Parameter'!$E:$E,MATCH("neg_x",'Global Parameter'!$A:$A,0))),"",INDEX('Global Parameter'!$E:$E,MATCH("neg_x",'Global Parameter'!$A:$A,0)))&" / "&IF(ISBLANK(INDEX('Global Parameter'!$D:$D,MATCH("neg_y",'Global Parameter'!$A:$A,0))),"",INDEX('Global Parameter'!$D:$D,MATCH("neg_y",'Global Parameter'!$A:$A,0)))&IF(ISBLANK(INDEX('Global Parameter'!$B:$B,MATCH("neg_y",'Global Parameter'!$A:$A,0))),"",INDEX('Global Parameter'!$B:$B,MATCH("neg_y",'Global Parameter'!$A:$A,0)))&IF(ISBLANK(INDEX('Global Parameter'!$E:$E,MATCH("neg_y",'Global Parameter'!$A:$A,0))),"",INDEX('Global Parameter'!$E:$E,MATCH("neg_y",'Global Parameter'!$A:$A,0)))&" / "&IF(ISBLANK(INDEX('Global Parameter'!$D:$D,MATCH("neg_z",'Global Parameter'!$A:$A,0))),"",INDEX('Global Parameter'!$D:$D,MATCH("neg_z",'Global Parameter'!$A:$A,0)))&IF(ISBLANK(INDEX('Global Parameter'!$B:$B,MATCH("neg_z",'Global Parameter'!$A:$A,0))),"",INDEX('Global Parameter'!$B:$B,MATCH("neg_z",'Global Parameter'!$A:$A,0)))&IF(ISBLANK(INDEX('Global Parameter'!$E:$E,MATCH("neg_z",'Global Parameter'!$A:$A,0))),"",INDEX('Global Parameter'!$E:$E,MATCH("neg_z",'Global Parameter'!$A:$A,0)))&") | 模型 |"

Sheet Template
A1: !! 只读参考：模板真源是 YAML / template_file；在这里改模板不会影响渲染结果
A2: ### genie_ext
A3: output_sheet | B3: Code
A4: start_cell | B4: B2
A5: direction | B5: horizontal
A6: filename | B6: {{ case_name }}.js
A7: extension | B7: .txt
A8: description | B8: ABS FPI 5A-3-2/5.5 外压 -- GeniE 强度函数体
A9: code ↓
A10: 1 | B10: // {{ case_name }}
A11: 2 | B11: // The rules live in the RULE frame: x from the A.P., y from the centre line
A12: 3 | B12: // positive starboard, z above the baseline. The model usually is not, so the
A13: 4 | B13: // three mapping cells (ax_* / neg_*) convert it. All three coordinates go
A14: 5 | B14: // through temporaries first: assigning them in place would read a coordinate
A15: 6 | B15: // that has already been overwritten.
A16: 7 | B16: var t1 = x;
A17: 8 | B17: var t2 = y;
A18: 9 | B18: var t3 = z;
A19: 10 | B19: x = {{ neg_x }}t{{ ax_x }};
A20: 11 | B20: y = {{ neg_y }}t{{ ax_y }};
A21: 12 | B21: z = {{ neg_z }}t{{ ax_z }};
... A100: 91 | B100: return Math.max(p_s + p_d, 0 Pa); // the pressure the function returns
A102: ### ext_summary
A103: output_sheet | B103: Summary
A104: start_cell | B104: B2
A105: direction | B105: vertical
A106: filename | B106: {{ case_name }}_summary.md
A107: extension | B107: .txt
A108: description | B108: 外压工况输入汇总（Markdown）
A109: code ↓
A110: 1 | B110: | 项目 | 值 | 出处 |
A111: 2 | B111: | --- | --- | --- |
A112: 3 | B112: | case_name | {{ case_name }} | 工况名（Excel 表头） |
A113: 4 | B113: | kind | {{ kind }} | 规则集（多规则集共用一本工作簿时用 case_filter 分流） |
A114: 5 | B114: | draft | {{ draft }} | 装载工况 |
A115: 6 | B115: | mu_deg | {{ mu_deg }} | Table 1A D |
A116: 7 | B116: | k_c | {{ k_c }} | Table 1A B |
A117: 8 | B117: | k_f0 | {{ k_f0 }} | Table 1A B |
A118: 9 | B118: | k_u | {{ k_u }} | 5A-3-2/7, /9 |
A119: 10 | B119: | beta_EPS | {{ beta_EPS }} | 5A-3-A1/3 |
A120: 11 | B120: | beta_EPP | {{ beta_EPP }} | 5A-3-A1/3 |
A121: 12 | B121: | k_esf | {{ k_esf }} | 项目 |
... A132: 23 | B132: | axis neg | ({{ neg_x }} / {{ neg_y }} / {{ neg_z }}) | 模型 |
A134: ## excel-codegen-meta
A135: 时间 | B135: 2026-09-27 16:02:21
A136: 输出指纹 | B136: 6da152cd11b8
A137: 参数指纹 | B137: 4e2df5a42a76
A138: case 数 | B138: 3
A139: cases | B139: EXT-T20.559-mu90-kf+1, EXT-T15-mu0-kf-1, EXT-T15-mu90-kf+1
